FinInstrmId,UndrlygFinInstrmId,FinInstrmNm,symbol,XpryDt,StrkPric,OptnTp,PrtdToTrad,MinLot,NewBrdLotQty,BidIntrvl,StartDt,EndDt,MtrtyDt,PdctStartDt,SrsId,AsstCd,UndrlygInstrmAsstClss,StockNm,SttlmMtd,BasePric,DelFlg,ExrcStartDt,ExrcEndDt,IssdCptl,MinPric,MaxPric,MktTpAndId,OffclCorpActnEvtId,AdmssnTp,IssePric,TradgStsNrmlMkt,ElgbltyNrmlMkt,TradgStsOddLotMkt,ElgbltyOddLotMkt,TradgStsSpotMkt,ElgbltySpotMkt,TradgStsAuctnMkt,ElgbltyAuctnMkt,MrgnPctg,MaxTradQty,WrngQty,AdmssnDt,RmvlDt,RadmssnDt,RcrdDt,NoDlvryStartDt,NoDlvryEndDt,SpclExDt,BookClsrStartDt,BookClsrEndDt,StockRcrdDt,TckrSelctn,OdOffclCorpActnEvtId,CdtRatg,Mtg,IntrstOrDvdd,RghtsOrBns,MinFillAllOrNn,AddtlInf,OptnExrcStyle,ExrcAllwd,ExrcRjctAllwd,PLAllwd,CorpAdjstmnt,UndrlygInstrm,DcmlstnPric,PartnIdr,UnqPdctIdr,CpctyGrpId,SctyId,Mltplr,SctyLngNm,UndrlygMkt,CtrctTp,FinInstrmPdctTpCd,FinInstrmTp,TradToTradInd,IndxFlg,Indx,IndxPrtcptnInd,ExtrnlDataSrcFlg,LastUpd,FinInstrmGnlAttrbts,AddtlUndrlygAttrbts,UndrlygAsst,OrgnlXpryDt,SgmtId,UnitOfMeasr,PricQtQty,PricRgTp,InitlMrgnTp,BuyInitlMrgnRate,MaxSnglTxnQty,MaxSnglTxnVal,AsstClss,NearMnthInstrmIdr,FarMnthInstrmIdr,PricNmrtr,Spcfctn,PricDnmtr,GnlNmrtr,GnlDnmtr,LotNmrtr,LotDnmtr,DcmlLctr,SttlmTp,ParVal,CorpActnRsn,FreeFltCptl,ISIN,SellInitlMrgnRate,RatgDtls,FinInstrmClssfctn,SpclMrgnTp,BuySpclMrgnRat,SellSpclMrgnRat,InitlMrgnSprdBnftFlg,InstrmEndDtTm,Ccy,PdctMnth,GrpId,MtchgCrit,SprdTp,ValMtd,SLBMElgblty,PricMtd,InstrmId,XpryPrcDt,MrgnInd,RglrBuyMrgn,RglrSellMrgn,SprdBnftAllwd,DlvryWght,DlvryUnit,Rsvd01,Rsvd02,Rsvd03,Rsvd04,Rsvd05,Rsvd06,Rsvd07,Rsvd08,Rsvd09,Rsvd10,Rsvd11,Rsvd12,Rsvd13,Rsvd14,Rsvd15
35000,26009,OPTIDX,BANKNIFTY,1443709800,4060000,CE,1,35,35,5,1438732800,0,1443709800,,XX,,,BANKNIFTY25SEP40600CE,C,1540365,N,1443657600,1443709800,1.00E+12,1378545,1702185,1,0,0,0,2,1,2,0,2,0,3,0,0,6.01E+02,0,1438732800,0,0,0,0,0,0,0,0,1438794936,15,1,            ,0,0,0,0,,E,N,N,N,N,,,,,,,,,,,,,,,,,,,,,,,,,,,,,,,,,,,,,,,,,,,,,,,,,,,,,,,,,,,,,,,,,,,,,,,,,,,,,,,,,,,,,
35030,26037,OPTIDX,FINNIFTY,1440858600,2275000,CE,1,65,65,5,1438732800,0,1440858600,,XX,,,FINNIFTY25AUG22750CE,C,381625,N,1440806400,1440858600,1.00E+12,302685,460565,1,0,0,0,2,1,2,0,2,0,3,0,0,1.80E+03,0,1438732800,0,0,0,0,0,0,0,0,1438794936,15,1,            ,0,0,0,0,,E,N,N,N,N,,,,,,,,,,,,,,,,,,,,,,,,,,,,,,,,,,,,,,,,,,,,,,,,,,,,,,,,,,,,,,,,,,,,,,,,,,,,,,,,,,,,,
35035,26000,OPTIDX,NIFTY,1440858600,1950000,CE,1,75,75,5,1433289600,0,1440858600,,XX,,,NIFTY25AUG19500CE,C,529940,N,1440806400,1440858600,1.00E+12,467170,592710,1,0,0,0,2,1,2,0,2,0,3,0,0,1.80E+03,0,1433289600,0,0,0,0,0,0,0,0,1438794937,15,1,            ,0,0,0,0,,E,N,N,N,N,,,,,,,,,,,,,,,,,,,,,,,,,,,,,,,,,,,,,,,,,,,,,,,,,,,,,,,,,,,,,,,,,,,,,,,,,,,,,,,,,,,,,
35040,26074,OPTIDX,MIDCPNIFTY,1440858600,1042500,CE,1,140,140,5,1438732800,0,1440858600,,XX,,,MIDCPNIFTY25AUG10425CE,C,247715,N,1440806400,1440858600,1.00E+12,200910,294520,1,0,0,0,2,1,2,0,2,0,3,0,0,2.80E+03,0,1438732800,0,0,0,0,0,0,0,0,1438794936,15,1,            ,0,0,0,0,,E,N,N,N,N,,,,,,,,,,,,,,,,,,,,,,,,,,,,,,,,,,,,,,,,,,,,,,,,,,,,,,,,,,,,,,,,,,,,,,,,,,,,,,,,,,,,,
35048,26013,OPTIDX,NIFTYNXT50,1440858600,5480000,CE,1,25,25,5,1433289600,0,1440858600,,XX,,,NIFTYNXT5025AUG54800CE,C,1233320,N,1440806400,1440858600,1.00E+12,991605,1475035,1,0,0,0,2,1,2,0,2,0,3,0,0,6.01E+02,0,1433289600,0,0,0,0,0,0,0,0,1438794938,15,1,            ,0,0,0,0,,E,N,N,N,N,,,,,,,,,,,,,,,,,,,,,,,,,,,,,,,,,,,,,,,,,,,,,,,,,,,,,,,,,,,,,,,,,,,,,,,,,,,,,,,,,,,,,
35105,13,OPTSTK,ABB,1440858600,200000,CE,1,125,125,5,1438819200,0,1440858600,,XX,,,ABB25AUG2000CE,P,310040,N,1440806400,1440858600,2.12E+08,277675,342405,1,0,0,0,2,1,2,0,2,0,3,0,0,3.75E+03,0,1438819200,0,0,0,0,0,0,0,0,1438794938,15,1,            ,0,2,0,0,,E,N,N,N,N,,,,,,,,,,,,,,,,,,,,,,,,,,,,,,,,,,,,,,,,,,,,,,,,,,,,,,,,,,,,,,,,,,,,,,,,,,,,,,,,,,,,,
35144,25,OPTSTK,ADANIENT,1440858600,180000,CE,1,300,300,5,1433289600,0,1440858600,,XX,,,ADANIENT25AUG1800CE,P,57270,N,1440806400,1440858600,1.15E+09,38145,76395,1,0,0,0,2,1,2,0,2,0,3,0,0,9.00E+03,0,1433289600,0,0,0,0,0,0,0,0,1438794939,15,1,            ,0,2,0,0,,E,N,N,N,N,,,,,,,,,,,,,,,,,,,,,,,,,,,,,,,,,,,,,,,,,,,,,,,,,,,,,,,,,,,,,,,,,,,,,,,,,,,,,,,,,,,,,
35166,11703,OPTSTK,ALKEM,1440858600,370000,CE,1,125,125,5,1433289600,0,1440858600,,XX,,,ALKEM25AUG3700CE,P,121705,N,1440806400,1440858600,1.20E+08,99675,143735,1,0,0,0,2,1,2,0,2,0,3,0,0,5.00E+03,0,1433289600,0,0,0,0,0,0,0,0,1438794939,15,1,            ,0,2,0,0,,E,N,N,N,N,,,,,,,,,,,,,,,,,,,,,,,,,,,,,,,,,,,,,,,,,,,,,,,,,,,,,,,,,,,,,,,,,,,,,,,,,,,,,,,,,,,,,
35187,3563,OPTSTK,ADANIGREEN,1443709800,48000,CE,1,600,600,5,1436313600,0,1443709800,,XX,,,ADANIGREEN25SEP480CE,P,51440,N,1443657600,1443709800,1.58E+09,41940,60940,1,0,0,0,2,1,2,0,2,0,3,0,0,2.40E+04,0,1436313600,0,0,0,0,0,0,0,0,1438794939,15,1,            ,2,0,0,0,,E,N,N,N,N,,,,,,,,,,,,,,,,,,,,,,,,,,,,,,,,,,,,,,,,,,,,,,,,,,,,,,,,,,,,,,,,,,,,,,,,,,,,,,,,,,,,,
35194,21614,OPTSTK,ABCAPITAL,1443709800,13000,CE,1,3100,3100,5,1438732800,0,1443709800,,XX,,,ABCAPITAL25SEP130CE,P,14970,N,1443657600,1443709800,2.61E+09,12970,16970,1,0,0,0,2,1,2,0,2,0,3,0,0,9.30E+04,0,1438732800,0,0,0,0,0,0,0,0,1438794938,15,1,            ,2,0,0,0,,E,N,N,N,N,,,,,,,,,,,,,,,,,,,,,,,,,,,,,,,,,,,,,,,,,,,,,,,,,,,,,,,,,,,,,,,,,,,,,,,,,,,,,,,,,,,,,
35195,1270,OPTSTK,AMBUJACEM,1440858600,84000,CE,1,1050,1050,5,1436313600,0,1440858600,,XX,,,AMBUJACEM25AUG840CE,P,5,N,1440806400,1440858600,2.46E+09,5,2005,1,0,0,0,2,1,2,0,2,0,3,0,0,4.20E+04,0,1436313600,0,0,0,0,0,0,0,0,1438793466,15,1,            ,0,2,0,0,,E,N,N,N,N,,,,,,,,,,,,,,,,,,,,,,,,,,,,,,,,,,,,,,,,,,,,,,,,,,,,,,,,,,,,,,,,,,,,,,,,,,,,,,,,,,,,,
35212,212,OPTSTK,ASHOKLEY,1440858600,8750,CE,1,5000,5000,5,1433289600,0,1440858600,,XX,,,ASHOKLEY25AUG87.5CE,P,3545,N,1440806400,1440858600,2.94E+09,1545,5545,1,0,0,0,2,1,2,0,2,0,3,0,0,2.00E+05,0,1433289600,0,0,0,0,0,0,0,0,1438794939,15,1,            ,0,0,2,0,,E,N,N,N,N,,,,,,,,,,,,,,,,,,,,,,,,,,,,,,,,,,,,,,,,,,,,,,,,,,,,,,,,,,,,,,,,,,,,,,,,,,,,,,,,,,,,,
35234,15083,OPTSTK,ADANIPORTS,1440858600,94000,CE,1,475,475,5,1438732800,0,1440858600,,XX,,,ADANIPORTS25AUG940CE,P,45260,N,1440806400,1440858600,2.16E+09,35980,54540,1,0,0,0,2,1,2,0,2,0,3,0,0,1.90E+04,0,1438732800,0,0,0,0,0,0,0,0,1438794939,15,1,            ,0,2,0,0,,E,N,N,N,N,,,,,,,,,,,,,,,,,,,,,,,,,,,,,,,,,,,,,,,,,,,,,,,,,,,,,,,,,,,,,,,,,,,,,,,,,,,,,,,,,,,,,
35261,275,OPTSTK,AUROPHARMA,1440858600,64000,CE,1,550,550,5,1433289600,0,1440858600,,XX,,,AUROPHARMA25AUG640CE,P,45295,N,1440806400,1440858600,5.81E+08,39205,51385,1,0,0,0,2,1,2,0,2,0,3,0,0,2.20E+04,0,1433289600,0,0,0,0,0,0,0,0,1438794940,15,1,            ,2,0,0,0,,E,N,N,N,N,,,,,,,,,,,,,,,,,,,,,,,,,,,,,,,,,,,,,,,,,,,,,,,,,,,,,,,,,,,,,,,,,,,,,,,,,,,,,,,,,,,,,
35289,324,OPTSTK,ANGELONE,1440858600,165000,CE,1,250,250,5,1438732800,0,1440858600,,XX,,,ANGELONE25AUG1650CE,P,98420,N,1440806400,1440858600,9.05E+07,74310,122530,1,0,0,0,2,1,2,0,2,0,3,0,0,7.50E+03,0,1438732800,0,0,0,0,0,0,0,0,1438794939,15,1,            ,0,2,0,0,,E,N,N,N,N,,,,,,,,,,,,,,,,,,,,,,,,,,,,,,,,,,,,,,,,,,,,,,,,,,,,,,,,,,,,,,,,,,,,,,,,,,,,,,,,,,,,,
35304,383,OPTSTK,BEL,1440858600,29000,CE,1,2850,2850,5,1433289600,0,1440858600,,XX,,,BEL25AUG290CE,P,10075,N,1440806400,1440858600,7.31E+09,7615,12535,1,0,0,0,2,1,2,0,2,0,3,0,0,5.70E+04,0,1433289600,0,0,0,0,0,0,0,0,1438794940,15,1,            ,0,2,0,0,,E,N,N,N,N,,,,,,,,,,,,,,,,,,,,,,,,,,,,,,,,,,,,,,,,,,,,,,,,,,,,,,,,,,,,,,,,,,,,,,,,,,,,,,,,,,,,,
35306,157,OPTSTK,APOLLOHOSP,1443709800,555000,CE,1,125,125,5,1438732800,0,1443709800,,XX,,,APOLLOHOSP25SEP5550CE,P,181120,N,1443657600,1443709800,1.44E+08,150770,211470,1,0,0,0,2,1,2,0,2,0,3,0,0,3.75E+03,0,1438732800,0,0,0,0,0,0,0,0,1438794939,15,1,            ,0,2,0,0,,E,N,N,N,N,,,,,,,,,,,,,,,,,,,,,,,,,,,,,,,,,,,,,,,,,,,,,,,,,,,,,,,,,,,,,,,,,,,,,,,,,,,,,,,,,,,,,
35308,438,OPTSTK,BHEL,1440858600,17000,CE,1,2625,2625,5,1433289600,0,1440858600,,XX,,,BHEL25AUG170CE,P,7215,N,1440806400,1440858600,3.48E+09,5215,9215,1,0,0,0,2,1,2,0,2,0,3,0,0,1.05E+05,0,1433289600,0,0,0,0,0,0,0,0,1438794940,15,1,            ,0,2,0,0,,E,N,N,N,N,,,,,,,,,,,,,,,,,,,,,,,,,,,,,,,,,,,,,,,,,,,,,,,,,,,,,,,,,,,,,,,,,,,,,,,,,,,,,,,,,,,,,
35316,236,OPTSTK,ASIANPAINT,1443709800,310000,CE,1,250,250,5,1438732800,0,1443709800,,XX,,,ASIANPAINT25SEP3100CE,P,85,N,1443657600,1443709800,9.59E+08,5,2085,1,0,0,0,2,1,2,0,2,0,3,0,0,1.00E+04,0,1438732800,0,0,0,0,0,0,0,0,1438794939,15,1,            ,0,2,0,0,,E,N,N,N,N,,,,,,,,,,,,,,,,,,,,,,,,,,,,,,,,,,,,,,,,,,,,,,,,,,,,,,,,,,,,,,,,,,,,,,,,,,,,,,,,,,,,,
35318,25780,OPTSTK,APLAPOLLO,1440858600,92000,CE,1,350,350,5,1435708800,0,1440858600,,XX,,,APLAPOLLO25AUG920CE,P,67005,N,1440806400,1440858600,2.78E+08,57540,76470,1,0,0,0,2,1,2,0,2,0,3,0,0,1.40E+04,0,1435708800,0,0,0,0,0,0,0,0,1438794939,15,1,            ,0,2,0,0,,E,N,N,N,N,,,,,,,,,,,,,,,,,,,,,,,,,,,,,,,,,,,,,,,,,,,,,,,,,,,,,,,,,,,,,,,,,,,,,,,,,,,,,,,,,,,,,
35340,16675,OPTSTK,BAJAJFINSV,1440858600,96000,CE,1,500,500,5,1438732800,0,1440858600,,XX,,,BAJAJFINSV25AUG960CE,P,97740,N,1440806400,1440858600,1.60E+09,88665,106815,1,0,0,0,2,1,2,0,2,0,3,0,0,1.50E+04,0,1438732800,0,0,0,0,0,0,0,0,1438794940,15,1,            ,0,2,0,0,,E,N,N,N,N,,,,,,,,,,,,,,,,,,,,,,,,,,,,,,,,,,,,,,,,,,,,,,,,,,,,,,,,,,,,,,,,,,,,,,,,,,,,,,,,,,,,,
35344,547,OPTSTK,BRITANNIA,1440858600,800000,CE,1,125,125,5,1433289600,0,1440858600,,XX,,,BRITANNIA25AUG8000CE,P,5,N,1440806400,1440858600,2.41E+08,5,2005,1,0,0,0,2,1,2,0,2,0,3,0,0,3.75E+03,0,1433289600,0,0,0,0,0,0,0,0,1438793466,15,1,            ,0,2,0,0,,E,N,N,N,N,,,,,,,,,,,,,,,,,,,,,,,,,,,,,,,,,,,,,,,,,,,,,,,,,,,,,,,,,,,,,,,,,,,,,,,,,,,,,,,,,,,,,
35362,2263,OPTSTK,BANDHANBNK,1440858600,9000,CE,1,3600,3600,5,1438732800,0,1440858600,,XX,,,BANDHANBNK25AUG90CE,P,7840,N,1440806400,1440858600,1.61E+09,5840,9840,1,0,0,0,2,1,2,0,2,0,3,0,0,1.44E+05,0,1438732800,0,0,0,0,0,0,0,0,1438794940,15,1,            ,2,2,0,0,,E,N,N,N,N,,,,,,,,,,,,,,,,,,,,,,,,,,,,,,,,,,,,,,,,,,,,,,,,,,,,,,,,,,,,,,,,,,,,,,,,,,,,,,,,,,,,,
35372,4745,OPTSTK,BANKINDIA,1440858600,7250,CE,1,5200,5200,5,1438732800,0,1440858600,,XX,,,BANKINDIA25AUG72.5CE,P,3950,N,1440806400,1440858600,4.55E+09,1950,5950,1,0,0,0,2,1,2,0,2,0,3,0,0,2.08E+05,0,1438732800,0,0,0,0,0,0,0,0,1438794940,15,1,            ,0,2,0,0,,E,N,N,N,N,,,,,,,,,,,,,,,,,,,,,,,,,,,,,,,,,,,,,,,,,,,,,,,,,,,,,,,,,,,,,,,,,,,,,,,,,,,,,,,,,,,,,
35376,2144,OPTSTK,BDL,1440858600,95000,CE,1,325,325,5,1438732800,0,1440858600,,XX,,,BDL25AUG950CE,P,64145,N,1440806400,1440858600,3.67E+08,50285,78005,1,0,0,0,2,1,2,0,2,0,3,0,0,1.30E+04,0,1438732800,0,0,0,0,0,0,0,0,1438794940,15,1,            ,0,2,0,0,,E,N,N,N,N,,,,,,,,,,,,,,,,,,,,,,,,,,,,,,,,,,,,,,,,,,,,,,,,,,,,,,,,,,,,,,,,,,,,,,,,,,,,,,,,,,,,,
35388,14418,OPTSTK,ASTRAL,1440858600,102000,CE,1,425,425,5,1435708800,0,1440858600,,XX,,,ASTRAL25AUG1020CE,P,41255,N,1440806400,1440858600,2.69E+08,33905,48605,1,0,0,0,2,1,2,0,2,0,3,0,0,1.70E+04,0,1435708800,0,0,0,0,0,0,0,0,1438794939,15,1,            ,0,2,0,0,,E,N,N,N,N,,,,,,,,,,,,,,,,,,,,,,,,,,,,,,,,,,,,,,,,,,,,,,,,,,,,,,,,,,,,,,,,,,,,,,,,,,,,,,,,,,,,,
35397,19585,OPTSTK,BSE,1440858600,350000,CE,1,375,375,5,1433289600,0,1440858600,,XX,,,BSE25AUG3500CE,P,460,N,1440806400,1440858600,4.06E+08,5,2460,1,0,0,0,2,1,2,0,2,0,3,0,0,1.13E+04,0,1433289600,0,0,0,0,0,0,0,0,1438794941,15,1,            ,0,0,2,0,,E,N,N,N,N,,,,,,,,,,,,,,,,,,,,,,,,,,,,,,,,,,,,,,,,,,,,,,,,,,,,,,,,,,,,,,,,,,,,,,,,,,,,,,,,,,,,,
35404,21238,OPTSTK,AUBANK,1440858600,44000,CE,1,1000,1000,5,1435708800,0,1440858600,,XX,,,AUBANK25AUG440CE,P,31400,N,1440806400,1440858600,7.44E+08,26875,35925,1,0,0,0,2,1,2,0,2,0,3,0,0,3.00E+04,0,1435708800,0,0,0,0,0,0,0,0,1438794940,15,1,            ,0,2,0,0,,E,N,N,N,N,,,,,,,,,,,,,,,,,,,,,,,,,,,,,,,,,,,,,,,,,,,,,,,,,,,,,,,,,,,,,,,,,,,,,,,,,,,,,,,,,,,,,
35406,5900,OPTSTK,AXISBANK,1443709800,86000,CE,1,625,625,5,1435708800,0,1443709800,,XX,,,AXISBANK25SEP860CE,P,21755,N,1443657600,1443709800,3.10E+09,17130,26380,1,0,0,0,2,1,2,0,2,0,3,0,0,1.88E+04,0,1435708800,0,0,0,0,0,0,0,0,1438794940,15,1,            ,0,2,0,0,,E,N,N,N,N,,,,,,,,,,,,,,,,,,,,,,,,,,,,,,,,,,,,,,,,,,,,,,,,,,,,,,,,,,,,,,,,,,,,,,,,,,,,,,,,,,,,,
35408,422,OPTSTK,BHARATFORG,1446129000,64000,CE,1,500,500,5,1438732800,0,1446129000,,XX,,,BHARATFORG25OCT640CE,P,54645,N,1446076800,1446129000,4.78E+08,47405,61885,1,0,0,0,2,1,2,0,2,0,3,0,0,2.00E+04,0,1438732800,0,0,0,0,0,0,0,0,1438794940,15,1,            ,0,2,0,0,,E,N,N,N,N,,,,,,,,,,,,,,,,,,,,,,,,,,,,,,,,,,,,,,,,,,,,,,,,,,,,,,,,,,,,,,,,,,,,,,,,,,,,,,,,,,,,,
35410,10604,OPTSTK,BHARTIARTL,1440858600,134000,CE,1,475,475,5,1438732800,0,1440858600,,XX,,,BHARTIARTL25AUG1340CE,P,57990,N,1440806400,1440858600,5.70E+09,50035,65945,1,0,0,0,2,1,2,0,2,0,3,0,0,1.43E+04,0,1438732800,0,0,0,0,0,0,0,0,1438794940,15,1,            ,0,2,0,0,,E,N,N,N,N,,,,,,,,,,,,,,,,,,,,,,,,,,,,,,,,,,,,,,,,,,,,,,,,,,,,,,,,,,,,,,,,,,,,,,,,,,,,,,,,,,,,,
35436,11373,OPTSTK,BIOCON,1446129000,20000,CE,1,2500,2500,5,1438732800,0,1446129000,,XX,,,BIOCON25OCT200CE,P,18525,N,1446076800,1446129000,1.34E+09,16070,20980,1,0,0,0,2,1,2,0,2,0,3,0,0,7.50E+04,0,1438732800,0,0,0,0,0,0,0,0,1438793466,15,1,            ,0,2,0,0,,E,N,N,N,N,,,,,,,,,,,,,,,,,,,,,,,,,,,,,,,,,,,,,,,,,,,,,,,,,,,,,,,,,,,,,,,,,,,,,,,,,,,,,,,,,,,,,
35438,8311,OPTSTK,BLUESTARCO,1443709800,122000,CE,1,325,325,5,1438732800,0,1443709800,,XX,,,BLUESTARCO25SEP1220CE,P,53275,N,1443657600,1443709800,2.06E+08,41330,65220,1,0,0,0,2,1,2,0,2,0,3,0,0,1.30E+04,0,1438732800,0,0,0,0,0,0,0,0,1438794941,15,1,            ,0,2,0,0,,E,N,N,N,N,,,,,,,,,,,,,,,,,,,,,,,,,,,,,,,,,,,,,,,,,,,,,,,,,,,,,,,,,,,,,,,,,,,,,,,,,,,,,,,,,,,,,
35454,2181,OPTSTK,BOSCHLTD,1440858600,4600000,CE,1,25,25,5,1435708800,0,1440858600,,XX,,,BOSCHLTD25AUG46000CE,P,11060,N,1440806400,1440858600,2.95E+07,5,26350,1,0,0,0,2,1,2,0,2,0,3,0,0,7.51E+02,0,1435708800,0,0,0,0,0,0,0,0,1438794941,15,1,            ,0,2,0,0,,E,N,N,N,N,,,,,,,,,,,,,,,,,,,,,,,,,,,,,,,,,,,,,,,,,,,,,,,,,,,,,,,,,,,,,,,,,,,,,,,,,,,,,,,,,,,,,
35457,526,OPTSTK,BPCL,1440858600,17000,CE,1,1975,1975,5,1438732800,0,1440858600,,XX,,,BPCL25AUG170CE,P,14855,N,1440806400,1440858600,4.34E+09,12855,16855,1,0,0,0,2,1,2,0,2,0,3,0,0,7.90E+04,0,1438732800,0,0,0,0,0,0,0,0,1438793466,15,1,            ,0,2,0,0,,E,N,N,N,N,,,,,,,,,,,,,,,,,,,,,,,,,,,,,,,,,,,,,,,,,,,,,,,,,,,,,,,,,,,,,,,,,,,,,,,,,,,,,,,,,,,,,
35470,30108,OPTSTK,ABFRL,1440858600,9700,CE,1,2600,2600,5,1438819200,0,1440858600,,XX,,,ABFRL25AUG97CE,P,5,N,1440806400,1440858600,1.22E+09,5,2005,1,0,0,0,2,1,2,0,2,0,3,0,0,2.86E+05,0,1438819200,0,0,0,0,0,0,0,0,1438794938,15,1,            ,0,0,0,0,,E,N,N,N,N,,,,,,,,,,,,,,,,,,,,,,,,,,,,,,,,,,,,,,,,,,,,,,,,,,,,,,,,,,,,,,,,,,,,,,,,,,,,,,,,,,,,,
35474,10794,OPTSTK,CANBK,1440858600,6200,CE,1,6750,6750,5,1435708800,0,1440858600,,XX,,,CANBK25AUG62CE,P,4600,N,1440806400,1440858600,9.07E+09,2600,6600,1,0,0,0,2,1,2,0,2,0,3,0,0,2.03E+05,0,1435708800,0,0,0,0,0,0,0,0,1438794941,15,1,            ,0,2,0,0,,E,N,N,N,N,,,,,,,,,,,,,,,,,,,,,,,,,,,,,,,,,,,,,,,,,,,,,,,,,,,,,,,,,,,,,,,,,,,,,,,,,,,,,,,,,,,,,
35486,342,OPTSTK,CAMS,1440858600,180000,CE,1,150,150,5,1438732800,0,1440858600,,XX,,,CAMS25AUG1800CE,P,200580,N,1440806400,1440858600,4.94E+07,173090,228070,1,0,0,0,2,1,2,0,2,0,3,0,0,6.00E+03,0,1438732800,0,0,0,0,0,0,0,0,1438794941,15,1,            ,0,2,0,0,,E,N,N,N,N,,,,,,,,,,,,,,,,,,,,,,,,,,,,,,,,,,,,,,,,,,,,,,,,,,,,,,,,,,,,,,,,,,,,,,,,,,,,,,,,,,,,,
35492,628,OPTSTK,CESC,1440858600,9500,CE,1,3625,3625,5,1435708800,0,1440858600,,XX,,,CESC25AUG95CE,P,6920,N,1440806400,1440858600,1.33E+09,4920,8920,1,0,0,0,2,1,2,0,2,0,3,0,0,1.45E+05,0,1435708800,0,0,0,0,0,0,0,0,1438794941,15,1,            ,0,2,0,0,,E,N,N,N,N,,,,,,,,,,,,,,,,,,,,,,,,,,,,,,,,,,,,,,,,,,,,,,,,,,,,,,,,,,,,,,,,,,,,,,,,,,,,,,,,,,,,,
35508,694,OPTSTK,CIPLA,1440858600,102000,CE,1,375,375,5,1435708800,0,1440858600,,XX,,,CIPLA25AUG1020CE,P,49915,N,1440806400,1440858600,8.08E+08,43360,56470,1,0,0,0,2,1,2,0,2,0,3,0,0,1.50E+04,0,1435708800,0,0,0,0,0,0,0,0,1438794941,15,1,            ,0,2,0,0,,E,N,N,N,N,,,,,,,,,,,,,,,,,,,,,,,,,,,,,,,,,,,,,,,,,,,,,,,,,,,,,,,,,,,,,,,,,,,,,,,,,,,,,,,,,,,,,
35520,21174,OPTSTK,CDSL,1446129000,72000,CE,1,475,475,5,1438732800,0,1446129000,,XX,,,CDSL25OCT720CE,P,86260,N,1446076800,1446129000,2.09E+08,73865,98655,1,0,0,0,2,1,2,0,2,0,3,0,0,1.43E+04,0,1438732800,0,0,0,0,0,0,0,0,1438794941,15,1,            ,0,0,2,0,,E,N,N,N,N,,,,,,,,,,,,,,,,,,,,,,,,,,,,,,,,,,,,,,,,,,,,,,,,,,,,,,,,,,,,,,,,,,,,,,,,,,,,,,,,,,,,,
35522,760,OPTSTK,CGPOWER,1440858600,50000,CE,1,850,850,5,1433289600,0,1440858600,,XX,,,CGPOWER25AUG500CE,P,16435,N,1440806400,1440858600,1.53E+09,11810,21060,1,0,0,0,2,1,2,0,2,0,3,0,0,3.40E+04,0,1433289600,0,0,0,0,0,0,0,0,1438794941,15,1,            ,0,2,0,0,,E,N,N,N,N,,,,,,,,,,,,,,,,,,,,,,,,,,,,,,,,,,,,,,,,,,,,,,,,,,,,,,,,,,,,,,,,,,,,,,,,,,,,,,,,,,,,,
35539,685,OPTSTK,CHOLAFIN,1440858600,94000,CE,1,625,625,5,1438732800,0,1440858600,,XX,,,CHOLAFIN25AUG940CE,P,53580,N,1440806400,1440858600,8.41E+08,44280,62880,1,0,0,0,2,1,2,0,2,0,3,0,0,1.88E+04,0,1438732800,0,0,0,0,0,0,0,0,1438794941,15,1,            ,0,2,0,0,,E,N,N,N,N,,,,,,,,,,,,,,,,,,,,,,,,,,,,,,,,,,,,,,,,,,,,,,,,,,,,,,,,,,,,,,,,,,,,,,,,,,,,,,,,,,,,,
35552,20374,OPTSTK,COALINDIA,1440858600,19000,CE,1,1350,1350,5,1438732800,0,1440858600,,XX,,,COALINDIA25AUG190CE,P,18545,N,1440806400,1440858600,6.16E+09,16545,20545,1,0,0,0,2,1,2,0,2,0,3,0,0,6.75E+04,0,1438732800,0,0,0,0,0,0,0,0,1438794942,15,1,            ,0,2,0,0,,E,N,N,N,N,,,,,,,,,,,,,,,,,,,,,,,,,,,,,,,,,,,,,,,,,,,,,,,,,,,,,,,,,,,,,,,,,,,,,,,,,,,,,,,,,,,,,
35560,1185,OPTSTK,AMBER,1440858600,1010000,CE,1,100,100,5,1438819200,0,1440858600,,XX,,,AMBER25AUG10100CE,P,3130,N,1440806400,1440858600,3.39E+07,5,7750,1,0,0,0,2,1,2,0,2,0,3,0,0,3.00E+03,0,1438819200,0,0,0,0,0,0,0,0,1438794939,15,1,            ,2,0,0,0,,E,N,N,N,N,,,,,,,,,,,,,,,,,,,,,,,,,,,,,,,,,,,,,,,,,,,,,,,,,,,,,,,,,,,,,,,,,,,,,,,,,,,,,,,,,,,,,
35564,11543,OPTSTK,COFORGE,1443709800,88000,CE,1,375,375,5,1438732800,0,1443709800,,XX,,,COFORGE25SEP880CE,P,87485,N,1443657600,1443709800,3.34E+08,75475,99495,1,0,0,0,2,1,2,0,2,0,3,0,0,1.13E+04,0,1438732800,0,0,0,0,0,0,0,0,1438794942,15,1,            ,0,2,0,0,,E,N,N,N,N,,,,,,,,,,,,,,,,,,,,,,,,,,,,,,,,,,,,,,,,,,,,,,,,,,,,,,,,,,,,,,,,,,,,,,,,,,,,,,,,,,,,,
35566,1023,OPTSTK,FEDERALBNK,1440858600,14750,CE,1,5000,5000,5,1435708800,0,1440858600,,XX,,,FEDERALBNK25AUG147.5CE,P,4955,N,1440806400,1440858600,2.46E+09,2955,6955,1,0,0,0,2,1,2,0,2,0,3,0,0,1.00E+05,0,1435708800,0,0,0,0,0,0,0,0,1438794943,15,1,            ,2,2,0,0,,E,N,N,N,N,,,,,,,,,,,,,,,,,,,,,,,,,,,,,,,,,,,,,,,,,,,,,,,,,,,,,,,,,,,,,,,,,,,,,,,,,,,,,,,,,,,,,
35573,15141,OPTSTK,COLPAL,1440858600,172000,CE,1,225,225,5,1433289600,0,1440858600,,XX,,,COLPAL25AUG1720CE,P,54100,N,1440806400,1440858600,2.72E+08,43915,64285,1,0,0,0,2,1,2,0,2,0,3,0,0,9.00E+03,0,1433289600,0,0,0,0,0,0,0,0,1438794942,15,1,            ,0,2,0,0,,E,N,N,N,N,,,,,,,,,,,,,,,,,,,,,,,,,,,,,,,,,,,,,,,,,,,,,,,,,,,,,,,,,,,,,,,,,,,,,,,,,,,,,,,,,,,,,
35575,14592,OPTSTK,FORTIS,1443709800,54000,CE,1,775,775,5,1435708800,0,1443709800,,XX,,,FORTIS25SEP540CE,P,32705,N,1443657600,1443709800,7.55E+08,27620,37790,1,0,0,0,2,1,2,0,2,0,3,0,0,3.10E+04,0,1435708800,0,0,0,0,0,0,0,0,1438794943,15,1,            ,0,2,0,0,,E,N,N,N,N,,,,,,,,,,,,,,,,,,,,,,,,,,,,,,,,,,,,,,,,,,,,,,,,,,,,,,,,,,,,,,,,,,,,,,,,,,,,,,,,,,,,,
35586,4749,OPTSTK,CONCOR,1440858600,39000,CE,1,1250,1250,5,1438732800,0,1440858600,,XX,,,CONCOR25AUG390CE,P,19330,N,1440806400,1440858600,7.62E+08,15790,22870,1,0,0,0,2,1,2,0,2,0,3,0,0,3.75E+04,0,1438732800,0,0,0,0,0,0,0,0,1438794942,15,1,            ,0,0,2,0,,E,N,N,N,N,,,,,,,,,,,,,,,,,,,,,,,,,,,,,,,,,,,,,,,,,,,,,,,,,,,,,,,,,,,,,,,,,,,,,,,,,,,,,,,,,,,,,
35588,1232,OPTSTK,GRASIM,1440858600,214000,CE,1,250,250,5,1435708800,0,1440858600,,XX,,,GRASIM25AUG2140CE,P,65625,N,1440806400,1440858600,6.80E+08,53740,77510,1,0,0,0,2,1,2,0,2,0,3,0,0,1.00E+04,0,1435708800,0,0,0,0,0,0,0,0,1438794943,15,1,            ,2,2,0,0,,E,N,N,N,N,,,,,,,,,,,,,,,,,,,,,,,,,,,,,,,,,,,,,,,,,,,,,,,,,,,,,,,,,,,,,,,,,,,,,,,,,,,,,,,,,,,,,
35595,17094,OPTSTK,CROMPTON,1440858600,21500,CE,1,1800,1800,5,1438732800,0,1440858600,,XX,,,CROMPTON25AUG215CE,P,11295,N,1440806400,1440858600,6.44E+08,9295,13295,1,0,0,0,2,1,2,0,2,0,3,0,0,7.20E+04,0,1438732800,0,0,0,0,0,0,0,0,1438794942,15,1,            ,0,2,0,0,,E,N,N,N,N,,,,,,,,,,,,,,,,,,,,,,,,,,,,,,,,,,,,,,,,,,,,,,,,,,,,,,,,,,,,,,,,,,,,,,,,,,,,,,,,,,,,,
35598,4244,OPTSTK,HDFCAMC,1440858600,760000,CE,1,150,150,5,1435708800,0,1440858600,,XX,,,HDFCAMC25AUG7600CE,P,25,N,1440806400,1440858600,2.14E+08,5,2025,1,0,0,0,2,1,2,0,2,0,3,0,0,4.50E+03,0,1435708800,0,0,0,0,0,0,0,0,1438794944,15,1,            ,0,2,0,0,,E,N,N,N,N,,,,,,,,,,,,,,,,,,,,,,,,,,,,,,,,,,,,,,,,,,,,,,,,,,,,,,,,,,,,,,,,,,,,,,,,,,,,,,,,,,,,,
35605,1333,OPTSTK,HDFCBANK,1440858600,116000,CE,1,550,550,5,1435708800,0,1440858600,,XX,,,HDFCBANK25AUG1160CE,P,83660,N,1440806400,1440858600,7.65E+09,76485,90835,1,0,0,0,2,1,2,0,2,0,3,0,0,1.10E+04,0,1435708800,0,0,0,0,0,0,0,0,1438794944,15,1,            ,0,0,2,0,,E,N,N,N,N,,,,,,,,,,,,,,,,,,,,,,,,,,,,,,,,,,,,,,,,,,,,,,,,,,,,,,,,,,,,,,,,,,,,,,,,,,,,,,,,,,,,,
35610,772,OPTSTK,DABUR,1446129000,72000,CE,1,1250,1250,5,1438732800,0,1446129000,,XX,,,DABUR25OCT720CE,P,20,N,1446076800,1446129000,1.77E+09,5,2020,1,0,0,0,2,1,2,0,2,0,3,0,0,5.00E+04,0,1438732800,0,0,0,0,0,0,0,0,1438794942,15,1,            ,0,2,0,0,,E,N,N,N,N,,,,,,,,,,,,,,,,,,,,,,,,,,,,,,,,,,,,,,,,,,,,,,,,,,,,,,,,,,,,,,,,,,,,,,,,,,,,,,,,,,,,,
35614,1348,OPTSTK,HEROMOTOCO,1443709800,620000,CE,1,150,150,5,1435708800,0,1443709800,,XX,,,HEROMOTOCO25SEP6200CE,P,145,N,1443657600,1443709800,2.00E+08,5,2145,1,0,0,0,2,1,2,0,2,0,3,0,0,6.00E+03,0,1435708800,0,0,0,0,0,0,0,0,1438794944,15,1,            ,0,2,0,0,,E,N,N,N,N,,,,,,,,,,,,,,,,,,,,,,,,,,,,,,,,,,,,,,,,,,,,,,,,,,,,,,,,,,,,,,,,,,,,,,,,,,,,,,,,,,,,,
35616,8075,OPTSTK,DALBHARAT,1443709800,124000,CE,1,325,325,5,1438732800,0,1443709800,,XX,,,DALBHARAT25SEP1240CE,P,99855,N,1443657600,1443709800,1.88E+08,88535,111175,1,0,0,0,2,1,2,0,2,0,3,0,0,9.75E+03,0,1438732800,0,0,0,0,0,0,0,0,1438794942,15,1,            ,2,2,0,0,,E,N,N,N,N,,,,,,,,,,,,,,,,,,,,,,,,,,,,,,,,,,,,,,,,,,,,,,,,,,,,,,,,,,,,,,,,,,,,,,,,,,,,,,,,,,,,,
35618,21951,OPTSTK,HFCL,1440858600,4000,CE,1,6450,6450,5,1435708800,0,1440858600,,XX,,,HFCL25AUG40CE,P,3520,N,1440806400,1440858600,1.44E+09,1520,5520,1,0,0,0,2,1,2,0,2,0,3,0,0,2.58E+05,0,1435708800,0,0,0,0,0,0,0,0,1438794944,15,1,            ,2,2,0,0,,E,N,N,N,N,,,,,,,,,,,,,,,,,,,,,,,,,,,,,,,,,,,,,,,,,,,,,,,,,,,,,,,,,,,,,,,,,,,,,,,,,,,,,,,,,,,,,
35621,9599,OPTSTK,DELHIVERY,1443709800,53500,CE,1,2075,2075,5,1438732800,0,1443709800,,XX,,,DELHIVERY25SEP535CE,P,975,N,1443657600,1443709800,7.46E+08,5,2975,1,0,0,0,2,1,2,0,2,0,3,0,0,6.23E+04,0,1438732800,0,0,0,0,0,0,0,0,1438794942,15,1,            ,2,0,0,0,,E,N,N,N,N,,,,,,,,,,,,,,,,,,,,,,,,,,,,,,,,,,,,,,,,,,,,,,,,,,,,,,,,,,,,,,,,,,,,,,,,,,,,,,,,,,,,,
35628,10940,OPTSTK,DIVISLAB,1440858600,340000,CE,1,100,100,5,1438732800,0,1440858600,,XX,,,DIVISLAB25AUG3400CE,P,310290,N,1440806400,1440858600,2.65E+08,277620,342960,1,0,0,0,2,1,2,0,2,0,3,0,0,4.00E+03,0,1438732800,0,0,0,0,0,0,0,0,1438794942,15,1,            ,0,2,0,0,,E,N,N,N,N,,,,,,,,,,,,,,,,,,,,,,,,,,,,,,,,,,,,,,,,,,,,,,,,,,,,,,,,,,,,,,,,,,,,,,,,,,,,,,,,,,,,,
35642,14732,OPTSTK,DLF,1440858600,40000,CE,1,825,825,5,1438732800,0,1440858600,,XX,,,DLF25AUG400CE,P,39445,N,1440806400,1440858600,2.48E+09,34475,44415,1,0,0,0,2,1,2,0,2,0,3,0,0,2.48E+04,0,1438732800,0,0,0,0,0,0,0,0,1438794942,15,1,            ,0,2,0,0,,E,N,N,N,N,,,,,,,,,,,,,,,,,,,,,,,,,,,,,,,,,,,,,,,,,,,,,,,,,,,,,,,,,,,,,,,,,,,,,,,,,,,,,,,,,,,,,
35644,881,OPTSTK,DRREDDY,1443709800,82000,CE,1,625,625,5,1438732800,0,1443709800,,XX,,,DRREDDY25SEP820CE,P,41280,N,1443657600,1443709800,8.35E+08,36420,46140,1,0,0,0,2,1,2,0,2,0,3,0,0,1.88E+04,0,1438732800,0,0,0,0,0,0,0,0,1438794943,15,1,            ,0,2,0,0,,E,N,N,N,N,,,,,,,,,,,,,,,,,,,,,,,,,,,,,,,,,,,,,,,,,,,,,,,,,,,,,,,,,,,,,,,,,,,,,,,,,,,,,,,,,,,,,
35648,910,OPTSTK,EICHERMOT,1443709800,715000,CE,1,175,175,5,1438732800,0,1443709800,,XX,,,EICHERMOT25SEP7150CE,P,635,N,1443657600,1443709800,2.74E+08,5,2635,1,0,0,0,2,1,2,0,2,0,3,0,0,5.25E+03,0,1438732800,0,0,0,0,0,0,0,0,1438794943,15,1,            ,0,2,0,0,,E,N,N,N,N,,,,,,,,,,,,,,,,,,,,,,,,,,,,,,,,,,,,,,,,,,,,,,,,,,,,,,,,,,,,,,,,,,,,,,,,,,,,,,,,,,,,,
35660,1406,OPTSTK,HINDPETRO,1443709800,55000,CE,1,2025,2025,5,1435708800,0,1443709800,,XX,,,HINDPETRO25SEP550CE,P,160,N,1443657600,1443709800,2.13E+09,5,2160,1,0,0,0,2,1,2,0,2,0,3,0,0,6.08E+04,0,1435708800,0,0,0,0,0,0,0,0,1438794944,15,1,            ,0,2,0,0,,E,N,N,N,N,,,,,,,,,,,,,,,,,,,,,,,,,,,,,,,,,,,,,,,,,,,,,,,,,,,,,,,,,,,,,,,,,,,,,,,,,,,,,,,,,,,,,
35666,1394,OPTSTK,HINDUNILVR,1440858600,302000,CE,1,300,300,5,1435708800,0,1440858600,,XX,,,HINDUNILVR25AUG3020CE,P,15,N,1440806400,1440858600,2.35E+09,5,2015,1,0,0,0,2,1,2,0,2,0,3,0,0,9.00E+03,0,1435708800,0,0,0,0,0,0,0,0,1438794944,15,1,            ,0,2,0,0,,E,N,N,N,N,,,,,,,,,,,,,,,,,,,,,,,,,,,,,,,,,,,,,,,,,,,,,,,,,,,,,,,,,,,,,,,,,,,,,,,,,,,,,,,,,,,,,
35672,5097,OPTSTK,ETERNAL,1446129000,21000,CE,1,2425,2425,5,1438732800,0,1446129000,,XX,,,ETERNAL25OCT210CE,P,9960,N,1446076800,1446129000,9.65E+09,7665,12255,1,0,0,0,2,1,2,0,2,0,3,0,0,7.28E+04,0,1438732800,0,0,0,0,0,0,0,0,1438794943,15,1,            ,0,0,0,0,,E,N,N,N,N,,,,,,,,,,,,,,,,,,,,,,,,,,,,,,,,,,,,,,,,,,,,,,,,,,,,,,,,,,,,,,,,,,,,,,,,,,,,,,,,,,,,,
35686,4963,OPTSTK,ICICIBANK,1440858600,181000,CE,1,700,700,5,1435708800,0,1440858600,,XX,,,ICICIBANK25AUG1810CE,P,5,N,1440806400,1440858600,7.07E+09,5,2005,1,0,0,0,2,1,2,0,2,0,3,0,0,2.10E+04,0,1435708800,0,0,0,0,0,0,0,0,1438793466,15,1,            ,0,2,0,0,,E,N,N,N,N,,,,,,,,,,,,,,,,,,,,,,,,,,,,,,,,,,,,,,,,,,,,,,,,,,,,,,,,,,,,,,,,,,,,,,,,,,,,,,,,,,,,,
35698,16669,OPTSTK,BAJAJ-AUTO,1440858600,580000,CE,1,75,75,5,1435190400,0,1440858600,,XX,,,BAJAJ-AUTO25AUG5800CE,P,241030,N,1440806400,1440858600,2.79E+08,200175,281885,1,0,0,0,2,1,2,0,2,0,3,0,0,3.00E+03,0,1435190400,0,0,0,0,0,0,0,0,1438794940,15,1,            ,0,2,0,0,,E,N,N,N,N,,,,,,,,,,,,,,,,,,,,,,,,,,,,,,,,,,,,,,,,,,,,,,,,,,,,,,,,,,,,,,,,,,,,,,,,,,,,,,,,,,,,,
35702,4717,OPTSTK,GAIL,1440858600,8500,CE,1,3150,3150,5,1438732800,0,1440858600,,XX,,,GAIL25AUG85CE,P,8990,N,1440806400,1440858600,6.58E+09,6990,10990,1,0,0,0,2,1,2,0,2,0,3,0,0,1.26E+05,0,1438732800,0,0,0,0,0,0,0,0,1438794943,15,1,            ,0,2,0,0,,E,N,N,N,N,,,,,,,,,,,,,,,,,,,,,,,,,,,,,,,,,,,,,,,,,,,,,,,,,,,,,,,,,,,,,,,,,,,,,,,,,,,,,,,,,,,,,
35707,1512,OPTSTK,INDHOTEL,1443709800,40000,CE,1,1000,1000,5,1435708800,0,1443709800,,XX,,,INDHOTEL25SEP400CE,P,35260,N,1443657600,1443709800,1.42E+09,30760,39760,1,0,0,0,2,1,2,0,2,0,3,0,0,3.00E+04,0,1435708800,0,0,0,0,0,0,0,0,1438794945,15,1,            ,0,2,0,0,,E,N,N,N,N,,,,,,,,,,,,,,,,,,,,,,,,,,,,,,,,,,,,,,,,,,,,,,,,,,,,,,,,,,,,,,,,,,,,,,,,,,,,,,,,,,,,,
35717,14309,OPTSTK,INDIANB,1440858600,32000,CE,1,1000,1000,5,1435708800,0,1440858600,,XX,,,INDIANB25AUG320CE,P,31945,N,1440806400,1440858600,1.35E+09,27845,36045,1,0,0,0,2,1,2,0,2,0,3,0,0,4.00E+04,0,1435708800,0,0,0,0,0,0,0,0,1438794945,15,1,            ,0,2,0,0,,E,N,N,N,N,,,,,,,,,,,,,,,,,,,,,,,,,,,,,,,,,,,,,,,,,,,,,,,,,,,,,,,,,,,,,,,,,,,,,,,,,,,,,,,,,,,,,
35719,7406,OPTSTK,GLENMARK,1443709800,158000,CE,1,375,375,5,1438732800,0,1443709800,,XX,,,GLENMARK25SEP1580CE,P,51435,N,1443657600,1443709800,2.82E+08,38705,64165,1,0,0,0,2,1,2,0,2,0,3,0,0,1.13E+04,0,1438732800,0,0,0,0,0,0,0,0,1438794943,15,1,            ,0,2,0,0,,E,N,N,N,N,,,,,,,,,,,,,,,,,,,,,,,,,,,,,,,,,,,,,,,,,,,,,,,,,,,,,,,,,,,,,,,,,,,,,,,,,,,,,,,,,,,,,
35727,11195,OPTSTK,INDIGO,1440858600,730000,CE,1,150,150,5,1435708800,0,1440858600,,XX,,,INDIGO25AUG7300CE,P,90,N,1440806400,1440858600,3.86E+08,5,2090,1,0,0,0,2,1,2,0,2,0,3,0,0,4.50E+03,0,1435708800,0,0,0,0,0,0,0,0,1438794945,15,1,            ,2,0,0,0,,E,N,N,N,N,,,,,,,,,,,,,,,,,,,,,,,,,,,,,,,,,,,,,,,,,,,,,,,,,,,,,,,,,,,,,,,,,,,,,,,,,,,,,,,,,,,,,
35729,13528,OPTSTK,GMRAIRPORT,1443709800,6500,CE,1,6975,6975,5,1438732800,0,1443709800,,XX,,,GMRAIRPORT25SEP65CE,P,2715,N,1443657600,1443709800,1.06E+10,715,4715,1,0,0,0,2,1,2,0,2,0,3,0,0,2.79E+05,0,1438732800,0,0,0,0,0,0,0,0,1438794943,15,1,            ,2,0,0,0,,E,N,N,N,N,,,,,,,,,,,,,,,,,,,,,,,,,,,,,,,,,,,,,,,,,,,,,,,,,,,,,,,,,,,,,,,,,,,,,,,,,,,,,,,,,,,,,
35740,10099,OPTSTK,GODREJCP,1446129000,164000,CE,1,500,500,5,1438732800,0,1446129000,,XX,,,GODREJCP25OCT1640CE,P,380,N,1446076800,1446129000,1.02E+09,5,2380,1,0,0,0,2,1,2,0,2,0,3,0,0,2.00E+04,0,1438732800,0,0,0,0,0,0,0,0,1438794943,15,1,            ,0,2,0,0,,E,N,N,N,N,,,,,,,,,,,,,,,,,,,,,,,,,,,,,,,,,,,,,,,,,,,,,,,,,,,,,,,,,,,,,,,,,,,,,,,,,,,,,,,,,,,,,
35745,17875,OPTSTK,GODREJPROP,1446129000,80000,CE,1,275,275,5,1438732800,0,1446129000,,XX,,,GODREJPROP25OCT800CE,P,130940,N,1446076800,1446129000,3.01E+08,115630,146250,1,0,0,0,2,1,2,0,2,0,3,0,0,1.10E+04,0,1438732800,0,0,0,0,0,0,0,0,1438794943,15,1,            ,2,2,0,0,,E,N,N,N,N,,,,,,,,,,,,,,,,,,,,,,,,,,,,,,,,,,,,,,,,,,,,,,,,,,,,,,,,,,,,,,,,,,,,,,,,,,,,,,,,,,,,,
35748,5258,OPTSTK,INDUSINDBK,1443709800,110000,CE,1,700,700,5,1435708800,0,1443709800,,XX,,,INDUSINDBK25SEP1100CE,P,570,N,1443657600,1443709800,7.79E+08,5,2570,1,0,0,0,2,1,2,0,2,0,3,0,0,2.80E+04,0,1435708800,0,0,0,0,0,0,0,0,1438794945,15,1,            ,0,2,0,0,,E,N,N,N,N,,,,,,,,,,,,,,,,,,,,,,,,,,,,,,,,,,,,,,,,,,,,,,,,,,,,,,,,,,,,,,,,,,,,,,,,,,,,,,,,,,,,,
35750,29135,OPTSTK,INDUSTOWER,1440858600,23000,CE,1,1700,1700,5,1435708800,0,1440858600,,XX,,,INDUSTOWER25AUG230CE,P,11670,N,1440806400,1440858600,2.64E+09,9370,13970,1,0,0,0,2,1,2,0,2,0,3,0,0,6.80E+04,0,1435708800,0,0,0,0,0,0,0,0,1438794945,15,1,            ,0,0,0,0,,E,N,N,N,N,,,,,,,,,,,,,,,,,,,,,,,,,,,,,,,,,,,,,,,,,,,,,,,,,,,,,,,,,,,,,,,,,,,,,,,,,,,,,,,,,,,,,
35754,2303,OPTSTK,HAL,1440858600,290000,CE,1,150,150,5,1438732800,0,1440858600,,XX,,,HAL25AUG2900CE,P,164930,N,1440806400,1440858600,6.69E+08,134005,195855,1,0,0,0,2,1,2,0,2,0,3,0,0,4.50E+03,0,1438732800,0,0,0,0,0,0,0,0,1438794943,15,1,            ,0,2,0,0,,E,N,N,N,N,,,,,,,,,,,,,,,,,,,,,,,,,,,,,,,,,,,,,,,,,,,,,,,,,,,,,,,,,,,,,,,,,,,,,,,,,,,,,,,,,,,,,
35756,13061,OPTSTK,360ONE,1440858600,70000,CE,1,500,500,5,1438387200,0,1440858600,,XX,,,360ONE25AUG700CE,P,35480,N,1440806400,1440858600,3.94E+08,27325,43635,1,0,0,0,2,1,2,0,2,0,3,0,0,2.00E+04,0,1438387200,0,0,0,0,0,0,0,0,1438794938,15,1,            ,0,2,0,0,,E,N,N,N,N,,,,,,,,,,,,,,,,,,,,,,,,,,,,,,,,,,,,,,,,,,,,,,,,,,,,,,,,,,,,,,,,,,,,,,,,,,,,,,,,,,,,,
35766,9819,OPTSTK,HAVELLS,1440858600,76000,CE,1,500,500,5,1438732800,0,1440858600,,XX,,,HAVELLS25AUG760CE,P,75160,N,1440806400,1440858600,6.27E+08,68130,82190,1,0,0,0,2,1,2,0,2,0,3,0,0,1.50E+04,0,1438732800,0,0,0,0,0,0,0,0,1438794944,15,1,            ,2,2,0,0,,E,N,N,N,N,,,,,,,,,,,,,,,,,,,,,,,,,,,,,,,,,,,,,,,,,,,,,,,,,,,,,,,,,,,,,,,,,,,,,,,,,,,,,,,,,,,,,
35771,6733,OPTSTK,JINDALSTEL,1443709800,56000,CE,1,625,625,5,1435708800,0,1443709800,,XX,,,JINDALSTEL25SEP560CE,P,42550,N,1443657600,1443709800,1.02E+09,36770,48330,1,0,0,0,2,1,2,0,2,0,3,0,0,2.50E+04,0,1435708800,0,0,0,0,0,0,0,0,1438794946,15,1,            ,0,2,0,0,,E,N,N,N,N,,,,,,,,,,,,,,,,,,,,,,,,,,,,,,,,,,,,,,,,,,,,,,,,,,,,,,,,,,,,,,,,,,,,,,,,,,,,,,,,,,,,,
35778,7229,OPTSTK,HCLTECH,1440858600,72000,CE,1,350,350,5,1438732800,0,1440858600,,XX,,,HCLTECH25AUG720CE,P,75725,N,1440806400,1440858600,2.71E+09,68685,82765,1,0,0,0,2,1,2,0,2,0,3,0,0,1.40E+04,0,1438732800,0,0,0,0,0,0,0,0,1438794944,15,1,            ,0,2,0,0,,E,N,N,N,N,,,,,,,,,,,,,,,,,,,,,,,,,,,,,,,,,,,,,,,,,,,,,,,,,,,,,,,,,,,,,,,,,,,,,,,,,,,,,,,,,,,,,
35779,18143,OPTSTK,JIOFIN,1440858600,41500,CE,1,2350,2350,5,1435708800,0,1440858600,,XX,,,JIOFIN25AUG415CE,P,25,N,1440806400,1440858600,6.35E+09,5,2025,1,0,0,0,2,1,2,0,2,0,3,0,0,7.05E+04,0,1435708800,0,0,0,0,0,0,0,0,1438794946,15,1,            ,0,0,0,0,,E,N,N,N,N,,,,,,,,,,,,,,,,,,,,,,,,,,,,,,,,,,,,,,,,,,,,,,,,,,,,,,,,,,,,,,,,,,,,,,,,,,,,,,,,,,,,,
35788,467,OPTSTK,HDFCLIFE,1443709800,38000,CE,1,1100,1100,5,1438732800,0,1443709800,,XX,,,HDFCLIFE25SEP380CE,P,36340,N,1443657600,1443709800,2.15E+09,33150,39530,1,0,0,0,2,1,2,0,2,0,3,0,0,3.30E+04,0,1438732800,0,0,0,0,0,0,0,0,1438794944,15,1,            ,0,2,0,0,,E,N,N,N,N,,,,,,,,,,,,,,,,,,,,,,,,,,,,,,,,,,,,,,,,,,,,,,,,,,,,,,,,,,,,,,,,,,,,,,,,,,,,,,,,,,,,,
35800,12092,OPTSTK,KAYNES,1440858600,770000,CE,1,100,100,5,1435708800,0,1440858600,,XX,,,KAYNES25AUG7700CE,P,4550,N,1440806400,1440858600,6.40E+07,5,10690,1,0,0,0,2,1,2,0,2,0,3,0,0,4.00E+03,0,1435708800,0,0,0,0,0,0,0,0,1438794946,15,1,            ,2,0,0,0,,E,N,N,N,N,,,,,,,,,,,,,,,,,,,,,,,,,,,,,,,,,,,,,,,,,,,,,,,,,,,,,,,,,,,,,,,,,,,,,,,,,,,,,,,,,,,,,
35808,13310,OPTSTK,KEI,1440858600,485000,CE,1,175,175,5,1435708800,0,1440858600,,XX,,,KEI25AUG4850CE,P,1305,N,1440806400,1440858600,9.56E+07,5,3305,1,0,0,0,2,1,2,0,2,0,3,0,0,7.00E+03,0,1435708800,0,0,0,0,0,0,0,0,1438794946,15,1,            ,0,2,0,0,,E,N,N,N,N,,,,,,,,,,,,,,,,,,,,,,,,,,,,,,,,,,,,,,,,,,,,,,,,,,,,,,,,,,,,,,,,,,,,,,,,,,,,,,,,,,,,,
35816,1363,OPTSTK,HINDALCO,1443709800,49000,CE,1,1400,1400,5,1438732800,0,1443709800,,XX,,,HINDALCO25SEP490CE,P,20250,N,1443657600,1443709800,2.25E+09,16455,24045,1,0,0,0,2,1,2,0,2,0,3,0,0,4.20E+04,0,1438732800,0,0,0,0,0,0,0,0,1438794944,15,1,            ,2,2,0,0,,E,N,N,N,N,,,,,,,,,,,,,,,,,,,,,,,,,,,,,,,,,,,,,,,,,,,,,,,,,,,,,,,,,,,,,,,,,,,,,,,,,,,,,,,,,,,,,
35818,19234,OPTSTK,LAURUSLABS,1440858600,91000,CE,0,1700,1700,5,1435708800,0,1440858600,,XX,,,LAURUSLABS25AUG910CE,P,1060,N,1440806400,1440858600,5.39E+08,5,3060,1,0,0,0,2,1,2,0,2,0,3,0,0,3.40E+04,0,1435708800,0,0,0,0,0,0,0,0,1438794946,15,1,            ,0,2,0,0,,E,N,N,N,N,,,,,,,,,,,,,,,,,,,,,,,,,,,,,,,,,,,,,,,,,,,,,,,,,,,,,,,,,,,,,,,,,,,,,,,,,,,,,,,,,,,,,
35835,1997,OPTSTK,LICHSGFIN,1440858600,43000,CE,1,1000,1000,5,1435708800,0,1440858600,,XX,,,LICHSGFIN25AUG430CE,P,16275,N,1440806400,1440858600,5.50E+08,12805,19745,1,0,0,0,2,1,2,0,2,0,3,0,0,4.00E+04,0,1435708800,0,0,0,0,0,0,0,0,1438794946,15,1,            ,2,2,0,0,,E,N,N,N,N,,,,,,,,,,,,,,,,,,,,,,,,,,,,,,,,,,,,,,,,,,,,,,,,,,,,,,,,,,,,,,,,,,,,,,,,,,,,,,,,,,,,,
35861,24948,OPTSTK,LTF,1443709800,11000,CE,1,4462,4462,5,1435708800,0,1443709800,,XX,,,LTF25SEP110CE,P,9510,N,1443657600,1443709800,2.49E+09,7510,11510,1,0,0,0,2,1,2,0,2,0,3,0,0,1.34E+05,0,1435708800,0,0,0,0,0,0,0,0,1438794947,15,1,            ,0,2,0,0,,E,N,N,N,N,,,,,,,,,,,,,,,,,,,,,,,,,,,,,,,,,,,,,,,,,,,,,,,,,,,,,,,,,,,,,,,,,,,,,,,,,,,,,,,,,,,,,
35875,17818,OPTSTK,LTIM,1440858600,280000,CE,1,150,150,5,1435708800,0,1440858600,,XX,,,LTIM25AUG2800CE,P,230005,N,1440806400,1440858600,2.96E+08,202430,257580,1,0,0,0,2,1,2,0,2,0,3,0,0,4.50E+03,0,1435708800,0,0,0,0,0,0,0,0,1438794947,15,1,            ,0,2,0,0,,E,N,N,N,N,,,,,,,,,,,,,,,,,,,,,,,,,,,,,,,,,,,,,,,,,,,,,,,,,,,,,,,,,,,,,,,,,,,,,,,,,,,,,,,,,,,,,
35887,1424,OPTSTK,HINDZINC,1446129000,16000,CE,1,1225,1225,5,1438732800,0,1446129000,,XX,,,HINDZINC25OCT160CE,P,26385,N,1446076800,1446129000,4.23E+09,23295,29475,1,0,0,0,2,1,2,0,2,0,3,0,0,4.90E+04,0,1438732800,0,0,0,0,0,0,0,0,1438794944,15,1,            ,0,2,0,0,,E,N,N,N,N,,,,,,,,,,,,,,,,,,,,,,,,,,,,,,,,,,,,,,,,,,,,,,,,,,,,,,,,,,,,,,,,,,,,,,,,,,,,,,,,,,,,,
35890,19061,OPTSTK,MANAPPURAM,1443709800,37000,CE,1,3000,3000,5,1435708800,0,1443709800,,XX,,,MANAPPURAM25SEP370CE,P,85,N,1443657600,1443709800,8.46E+08,5,2085,1,0,0,0,2,1,2,0,2,0,3,0,0,9.00E+04,0,1435708800,0,0,0,0,0,0,0,0,1438794947,15,1,            ,0,2,0,0,,E,N,N,N,N,,,,,,,,,,,,,,,,,,,,,,,,,,,,,,,,,,,,,,,,,,,,,,,,,,,,,,,,,,,,,,,,,,,,,,,,,,,,,,,,,,,,,
35894,21770,OPTSTK,ICICIGI,1440858600,104000,CE,1,325,325,5,1438732800,0,1440858600,,XX,,,ICICIGI25AUG1040CE,P,85970,N,1440806400,1440858600,4.96E+08,77175,94765,1,0,0,0,2,1,2,0,2,0,3,0,0,1.30E+04,0,1438732800,0,0,0,0,0,0,0,0,1438794944,15,1,            ,0,2,0,0,,E,N,N,N,N,,,,,,,,,,,,,,,,,,,,,,,,,,,,,,,,,,,,,,,,,,,,,,,,,,,,,,,,,,,,,,,,,,,,,,,,,,,,,,,,,,,,,
35898,10999,OPTSTK,MARUTI,1443709800,900000,CE,1,50,50,5,1435708800,0,1443709800,,XX,,,MARUTI25SEP9000CE,P,345030,N,1443657600,1443709800,3.14E+08,296915,393145,1,0,0,0,2,1,2,0,2,0,3,0,0,2.00E+03,0,1435708800,0,0,0,0,0,0,0,0,1438794947,15,1,            ,0,2,0,0,,E,N,N,N,N,,,,,,,,,,,,,,,,,,,,,,,,,,,,,,,,,,,,,,,,,,,,,,,,,,,,,,,,,,,,,,,,,,,,,,,,,,,,,,,,,,,,,
35917,18652,OPTSTK,ICICIPRULI,1440858600,30000,CE,1,925,925,5,1438732800,0,1440858600,,XX,,,ICICIPRULI25AUG300CE,P,31270,N,1440806400,1440858600,1.45E+09,28350,34190,1,0,0,0,2,1,2,0,2,0,3,0,0,3.70E+04,0,1438732800,0,0,0,0,0,0,0,0,1438794945,15,1,            ,0,2,0,0,,E,N,N,N,N,,,,,,,,,,,,,,,,,,,,,,,,,,,,,,,,,,,,,,,,,,,,,,,,,,,,,,,,,,,,,,,,,,,,,,,,,,,,,,,,,,,,,
35925,11184,OPTSTK,IDFCFIRSTB,1440858600,4700,CE,1,9275,9275,5,1438732800,0,1440858600,,XX,,,IDFCFIRSTB25AUG47CE,P,2255,N,1440806400,1440858600,7.33E+09,255,4255,1,0,0,0,2,1,2,0,2,0,3,0,0,3.71E+05,0,1438732800,0,0,0,0,0,0,0,0,1438794945,15,1,            ,0,2,0,0,,E,N,N,N,N,,,,,,,,,,,,,,,,,,,,,,,,,,,,,,,,,,,,,,,,,,,,,,,,,,,,,,,,,,,,,,,,,,,,,,,,,,,,,,,,,,,,,
35934,220,OPTSTK,IEX,1443709800,7250,CE,1,3750,3750,5,1438732800,0,1443709800,,XX,,,IEX25SEP72.5CE,P,6225,N,1443657600,1443709800,8.92E+08,4225,8225,1,0,0,0,2,1,2,0,2,0,3,0,0,1.13E+05,0,1438732800,0,0,0,0,0,0,0,0,1438794945,15,1,            ,0,2,0,0,,E,N,N,N,N,,,,,,,,,,,,,,,,,,,,,,,,,,,,,,,,,,,,,,,,,,,,,,,,,,,,,,,,,,,,,,,,,,,,,,,,,,,,,,,,,,,,,
35943,4668,OPTSTK,BANKBARODA,1440858600,31250,CE,1,2925,2925,5,1438819200,0,1440858600,,XX,,,BANKBARODA25AUG312.5CE,P,5,N,1440806400,1440858600,5.17E+09,5,2005,1,0,0,0,2,1,2,0,2,0,3,0,0,8.78E+04,0,1438819200,0,0,0,0,0,0,0,0,1438794940,15,1,            ,0,2,0,0,,E,N,N,N,N,,,,,,,,,,,,,,,,,,,,,,,,,,,,,,,,,,,,,,,,,,,,,,,,,,,,,,,,,,,,,,,,,,,,,,,,,,,,,,,,,,,,,
35944,15332,OPTSTK,NMDC,1440858600,4900,CE,1,13500,13500,5,1435708800,0,1440858600,,XX,,,NMDC25AUG49CE,P,2305,N,1440806400,1440858600,8.79E+09,305,4305,1,0,0,0,2,1,2,0,2,0,3,0,0,4.05E+05,0,1435708800,0,0,0,0,0,0,0,0,1438794948,15,1,            ,0,2,0,0,,E,N,N,N,N,,,,,,,,,,,,,,,,,,,,,,,,,,,,,,,,,,,,,,,,,,,,,,,,,,,,,,,,,,,,,,,,,,,,,,,,,,,,,,,,,,,,,
35951,11262,OPTSTK,IGL,1446129000,11000,CE,1,2750,2750,5,1438732800,0,1446129000,,XX,,,IGL25OCT110CE,P,9775,N,1446076800,1446129000,1.40E+09,7775,11775,1,0,0,0,2,1,2,0,2,0,3,0,0,1.10E+05,0,1438732800,0,0,0,0,0,0,0,0,1438794945,15,1,            ,0,0,2,0,,E,N,N,N,N,,,,,,,,,,,,,,,,,,,,,,,,,,,,,,,,,,,,,,,,,,,,,,,,,,,,,,,,,,,,,,,,,,,,,,,,,,,,,,,,,,,,,
35954,11809,OPTSTK,IIFL,1440858600,18000,CE,1,1650,1650,5,1438732800,0,1440858600,,XX,,,IIFL25AUG180CE,P,27035,N,1440806400,1440858600,4.25E+08,23100,30970,1,0,0,0,2,1,2,0,2,0,3,0,0,4.95E+04,0,1438732800,0,0,0,0,0,0,0,0,1438794945,15,1,            ,2,0,0,0,,E,N,N,N,N,,,,,,,,,,,,,,,,,,,,,,,,,,,,,,,,,,,,,,,,,,,,,,,,,,,,,,,,,,,,,,,,,,,,,,,,,,,,,,,,,,,,,
35956,6545,OPTSTK,NYKAA,1440858600,30000,CE,1,3125,3125,5,1435708800,0,1440858600,,XX,,,NYKAA25AUG300CE,P,5,N,1440806400,1440858600,2.86E+09,5,2005,1,0,0,0,2,1,2,0,2,0,3,0,0,1.25E+05,0,1435708800,0,0,0,0,0,0,0,0,1438793466,15,1,            ,0,0,2,0,,E,N,N,N,N,,,,,,,,,,,,,,,,,,,,,,,,,,,,,,,,,,,,,,,,,,,,,,,,,,,,,,,,,,,,,,,,,,,,,,,,,,,,,,,,,,,,,
35962,20242,OPTSTK,OBEROIRLTY,1440858600,108000,CE,1,350,350,5,1435708800,0,1440858600,,XX,,,OBEROIRLTY25AUG1080CE,P,53385,N,1440806400,1440858600,3.64E+08,42940,63830,1,0,0,0,2,1,2,0,2,0,3,0,0,1.40E+04,0,1435708800,0,0,0,0,0,0,0,0,1438794948,15,1,            ,0,2,0,0,,E,N,N,N,N,,,,,,,,,,,,,,,,,,,,,,,,,,,,,,,,,,,,,,,,,,,,,,,,,,,,,,,,,,,,,,,,,,,,,,,,,,,,,,,,,,,,,
35995,14413,OPTSTK,PAGEIND,1443709800,6800000,CE,1,15,15,5,1435708800,0,1443709800,,XX,,,PAGEIND25SEP68000CE,P,130,N,1443657600,1443709800,1.12E+07,5,2130,1,0,0,0,2,1,2,0,2,0,3,0,0,4.51E+02,0,1435708800,0,0,0,0,0,0,0,0,1438794949,15,1,            ,0,2,0,0,,E,N,N,N,N,,,,,,,,,,,,,,,,,,,,,,,,,,,,,,,,,,,,,,,,,,,,,,,,,,,,,,,,,,,,,,,,,,,,,,,,,,,,,,,,,,,,,
36018,14552,OPTSTK,PHOENIXLTD,1440858600,84000,CE,1,350,350,5,1435708800,0,1440858600,,XX,,,PHOENIXLTD25AUG840CE,P,63750,N,1440806400,1440858600,3.58E+08,52740,74760,1,0,0,0,2,1,2,0,2,0,3,0,0,1.40E+04,0,1435708800,0,0,0,0,0,0,0,0,1438794949,15,1,            ,0,0,2,0,,E,N,N,N,N,,,,,,,,,,,,,,,,,,,,,,,,,,,,,,,,,,,,,,,,,,,,,,,,,,,,,,,,,,,,,,,,,,,,,,,,,,,,,,,,,,,,,
36044,24184,OPTSTK,PIIND,1440858600,600000,CE,1,175,175,5,1435708800,0,1440858600,,XX,,,PIIND25AUG6000CE,P,5,N,1440806400,1440858600,1.52E+08,5,2005,1,0,0,0,2,1,2,0,2,0,3,0,0,5.25E+03,0,1435708800,0,0,0,0,0,0,0,0,1438793466,15,1,            ,0,2,0,0,,E,N,N,N,N,,,,,,,,,,,,,,,,,,,,,,,,,,,,,,,,,,,,,,,,,,,,,,,,,,,,,,,,,,,,,,,,,,,,,,,,,,,,,,,,,,,,,
36053,1594,OPTSTK,INFY,1440858600,76000,CE,1,400,400,5,1438732800,0,1440858600,,XX,,,INFY25AUG760CE,P,72350,N,1440806400,1440858600,4.15E+09,65480,79220,1,0,0,0,2,1,2,0,2,0,3,0,0,1.60E+04,0,1438732800,0,0,0,0,0,0,0,0,1438794945,15,1,            ,0,2,0,0,,E,N,N,N,N,,,,,,,,,,,,,,,,,,,,,,,,,,,,,,,,,,,,,,,,,,,,,,,,,,,,,,,,,,,,,,,,,,,,,,,,,,,,,,,,,,,,,
36060,14977,OPTSTK,POWERGRID,1443709800,39000,CE,1,1900,1900,5,1435708800,0,1443709800,,XX,,,POWERGRID25SEP390CE,P,15,N,1443657600,1443709800,9.30E+09,5,2015,1,0,0,0,2,1,2,0,2,0,3,0,0,7.60E+04,0,1435708800,0,0,0,0,0,0,0,0,1438794950,15,1,            ,0,2,0,0,,E,N,N,N,N,,,,,,,,,,,,,,,,,,,,,,,,,,,,,,,,,,,,,,,,,,,,,,,,,,,,,,,,,,,,,,,,,,,,,,,,,,,,,,,,,,,,,
36072,20302,OPTSTK,PRESTIGE,1440858600,118000,CE,1,450,450,5,1435708800,0,1440858600,,XX,,,PRESTIGE25AUG1180CE,P,45780,N,1440806400,1440858600,4.31E+08,32890,58670,1,0,0,0,2,1,2,0,2,0,3,0,0,1.35E+04,0,1435708800,0,0,0,0,0,0,0,0,1438794950,15,1,            ,0,2,0,0,,E,N,N,N,N,,,,,,,,,,,,,,,,,,,,,,,,,,,,,,,,,,,,,,,,,,,,,,,,,,,,,,,,,,,,,,,,,,,,,,,,,,,,,,,,,,,,,
36078,1624,OPTSTK,IOC,1440858600,8000,CE,1,4875,4875,5,1438732800,0,1440858600,,XX,,,IOC25AUG80CE,P,6270,N,1440806400,1440858600,1.41E+10,4270,8270,1,0,0,0,2,1,2,0,2,0,3,0,0,1.46E+05,0,1438732800,0,0,0,0,0,0,0,0,1438794945,15,1,            ,0,2,0,0,,E,N,N,N,N,,,,,,,,,,,,,,,,,,,,,,,,,,,,,,,,,,,,,,,,,,,,,,,,,,,,,,,,,,,,,,,,,,,,,,,,,,,,,,,,,,,,,
36103,2963,OPTSTK,SAIL,1443709800,8500,CE,1,4700,4700,5,1435708800,0,1443709800,,XX,,,SAIL25SEP85CE,P,4140,N,1443657600,1443709800,4.13E+09,2140,6140,1,0,0,0,2,1,2,0,2,0,3,0,0,1.88E+05,0,1435708800,0,0,0,0,0,0,0,0,1438794950,15,1,            ,2,0,0,0,,E,N,N,N,N,,,,,,,,,,,,,,,,,,,,,,,,,,,,,,,,,,,,,,,,,,,,,,,,,,,,,,,,,,,,,,,,,,,,,,,,,,,,,,,,,,,,,
36105,15313,OPTSTK,IRB,1440858600,2000,CE,1,11675,11675,5,1438732800,0,1440858600,,XX,,,IRB25AUG20CE,P,2535,N,1440806400,1440858600,6.04E+09,535,4535,1,0,0,0,2,1,2,0,2,0,3,0,0,4.67E+05,0,1438732800,0,0,0,0,0,0,0,0,1438794945,15,1,            ,0,2,0,0,,E,N,N,N,N,,,,,,,,,,,,,,,,,,,,,,,,,,,,,,,,,,,,,,,,,,,,,,,,,,,,,,,,,,,,,,,,,,,,,,,,,,,,,,,,,,,,,
36111,2029,OPTSTK,IRFC,1440858600,6500,CE,1,4250,4250,5,1438732800,0,1440858600,,XX,,,IRFC25AUG65CE,P,6500,N,1440806400,1440858600,1.31E+10,4500,8500,1,0,0,0,2,1,2,0,2,0,3,0,0,1.70E+05,0,1438732800,0,0,0,0,0,0,0,0,1438794945,15,1,            ,0,2,0,0,,E,N,N,N,N,,,,,,,,,,,,,,,,,,,,,,,,,,,,,,,,,,,,,,,,,,,,,,,,,,,,,,,,,,,,,,,,,,,,,,,,,,,,,,,,,,,,,
36121,1660,OPTSTK,ITC,1443709800,53500,CE,1,1600,1600,5,1438732800,0,1443709800,,XX,,,ITC25SEP535CE,P,5,N,1443657600,1443709800,1.25E+10,5,2005,1,0,0,0,2,1,2,0,2,0,3,0,0,6.40E+04,0,1438732800,0,0,0,0,0,0,0,0,1438793466,15,1,            ,0,2,0,0,,E,N,N,N,N,,,,,,,,,,,,,,,,,,,,,,,,,,,,,,,,,,,,,,,,,,,,,,,,,,,,,,,,,,,,,,,,,,,,,,,,,,,,,,,,,,,,,
36128,13611,OPTSTK,IRCTC,1440858600,58000,CE,1,875,875,5,1433289600,0,1440858600,,XX,,,IRCTC25AUG580CE,P,15225,N,1440806400,1440858600,8.00E+08,11380,19070,1,0,0,0,2,1,2,0,2,0,3,0,0,3.50E+04,0,1433289600,0,0,0,0,0,0,0,0,1438794945,15,1,            ,0,2,0,0,,E,N,N,N,N,,,,,,,,,,,,,,,,,,,,,,,,,,,,,,,,,,,,,,,,,,,,,,,,,,,,,,,,,,,,,,,,,,,,,,,,,,,,,,,,,,,,,
36132,11723,OPTSTK,JSWSTEEL,1443709800,73000,CE,1,675,675,5,1438732800,0,1443709800,,XX,,,JSWSTEEL25SEP730CE,P,33285,N,1443657600,1443709800,2.45E+09,28150,38420,1,0,0,0,2,1,2,0,2,0,3,0,0,2.70E+04,0,1438732800,0,0,0,0,0,0,0,0,1438794946,15,1,            ,0,2,0,0,,E,N,N,N,N,,,,,,,,,,,,,,,,,,,,,,,,,,,,,,,,,,,,,,,,,,,,,,,,,,,,,,,,,,,,,,,,,,,,,,,,,,,,,,,,,,,,,
36134,20261,OPTSTK,IREDA,1440858600,11000,CE,1,3450,3450,5,1433289600,0,1440858600,,XX,,,IREDA25AUG110CE,P,3860,N,1440806400,1440858600,2.69E+09,1860,5860,1,0,0,0,2,1,2,0,2,0,3,0,0,1.38E+05,0,1433289600,0,0,0,0,0,0,0,0,1438794945,15,1,            ,0,0,0,0,,E,N,N,N,N,,,,,,,,,,,,,,,,,,,,,,,,,,,,,,,,,,,,,,,,,,,,,,,,,,,,,,,,,,,,,,,,,,,,,,,,,,,,,,,,,,,,,
36136,18096,OPTSTK,JUBLFOOD,1440858600,43000,CE,1,1250,1250,5,1438732800,0,1440858600,,XX,,,JUBLFOOD25AUG430CE,P,22050,N,1440806400,1440858600,6.60E+08,18385,25715,1,0,0,0,2,1,2,0,2,0,3,0,0,3.75E+04,0,1438732800,0,0,0,0,0,0,0,0,1438794946,15,1,            ,0,2,0,0,,E,N,N,N,N,,,,,,,,,,,,,,,,,,,,,,,,,,,,,,,,,,,,,,,,,,,,,,,,,,,,,,,,,,,,,,,,,,,,,,,,,,,,,,,,,,,,,
36141,21808,OPTSTK,SBILIFE,1440858600,100000,CE,1,375,375,5,1435708800,0,1440858600,,XX,,,SBILIFE25AUG1000CE,P,83545,N,1440806400,1440858600,1.00E+09,75610,91480,1,0,0,0,2,1,2,0,2,0,3,0,0,1.50E+04,0,1435708800,0,0,0,0,0,0,0,0,1438794950,15,1,            ,0,2,0,0,,E,N,N,N,N,,,,,,,,,,,,,,,,,,,,,,,,,,,,,,,,,,,,,,,,,,,,,,,,,,,,,,,,,,,,,,,,,,,,,,,,,,,,,,,,,,,,,
36146,2955,OPTSTK,KALYANKJIL,1443709800,34000,CE,1,1175,1175,5,1438732800,0,1443709800,,XX,,,KALYANKJIL25SEP340CE,P,25980,N,1443657600,1443709800,1.03E+09,20980,30980,1,0,0,0,2,1,2,0,2,0,3,0,0,4.70E+04,0,1438732800,0,0,0,0,0,0,0,0,1438794946,15,1,            ,2,2,0,0,,E,N,N,N,N,,,,,,,,,,,,,,,,,,,,,,,,,,,,,,,,,,,,,,,,,,,,,,,,,,,,,,,,,,,,,,,,,,,,,,,,,,,,,,,,,,,,,
36160,11236,OPTSTK,JSL,1440858600,40000,CE,1,850,850,5,1433289600,0,1440858600,,XX,,,JSL25AUG400CE,P,32965,N,1440806400,1440858600,8.24E+08,27865,38065,1,0,0,0,2,1,2,0,2,0,3,0,0,3.40E+04,0,1433289600,0,0,0,0,0,0,0,0,1438794946,15,1,            ,0,2,0,0,,E,N,N,N,N,,,,,,,,,,,,,,,,,,,,,,,,,,,,,,,,,,,,,,,,,,,,,,,,,,,,,,,,,,,,,,,,,,,,,,,,,,,,,,,,,,,,,
36171,17869,OPTSTK,JSWENERGY,1440858600,30000,CE,1,1000,1000,5,1433289600,0,1440858600,,XX,,,JSWENERGY25AUG300CE,P,23900,N,1440806400,1440858600,1.75E+09,19750,28050,1,0,0,0,2,1,2,0,2,0,3,0,0,5.00E+04,0,1433289600,0,0,0,0,0,0,0,0,1438794946,15,1,            ,0,2,0,0,,E,N,N,N,N,,,,,,,,,,,,,,,,,,,,,,,,,,,,,,,,,,,,,,,,,,,,,,,,,,,,,,,,,,,,,,,,,,,,,,,,,,,,,,,,,,,,,
36174,1922,OPTSTK,KOTAKBANK,1443709800,266000,CE,1,400,400,5,1438732800,0,1443709800,,XX,,,KOTAKBANK25SEP2660CE,P,70,N,1443657600,1443709800,1.99E+09,5,2070,1,0,0,0,2,1,2,0,2,0,3,0,0,1.20E+04,0,1438732800,0,0,0,0,0,0,0,0,1438794946,15,1,            ,0,2,0,0,,E,N,N,N,N,,,,,,,,,,,,,,,,,,,,,,,,,,,,,,,,,,,,,,,,,,,,,,,,,,,,,,,,,,,,,,,,,,,,,,,,,,,,,,,,,,,,,
36178,9683,OPTSTK,KPITTECH,1443709800,60000,CE,1,400,400,5,1438732800,0,1443709800,,XX,,,KPITTECH25SEP600CE,P,62270,N,1443657600,1443709800,2.74E+08,53410,71130,1,0,0,0,2,1,2,0,2,0,3,0,0,2.00E+04,0,1438732800,0,0,0,0,0,0,0,0,1438794946,15,1,            ,0,2,0,0,,E,N,N,N,N,,,,,,,,,,,,,,,,,,,,,,,,,,,,,,,,,,,,,,,,,,,,,,,,,,,,,,,,,,,,,,,,,,,,,,,,,,,,,,,,,,,,,
36186,3103,OPTSTK,SHREECEM,1440858600,3925000,CE,1,25,25,5,1435708800,0,1440858600,,XX,,,SHREECEM25AUG39250CE,P,15,N,1440806400,1440858600,3.61E+07,5,2015,1,0,0,0,2,1,2,0,2,0,3,0,0,7.51E+02,0,1435708800,0,0,0,0,0,0,0,0,1438794950,15,1,            ,0,2,0,0,,E,N,N,N,N,,,,,,,,,,,,,,,,,,,,,,,,,,,,,,,,,,,,,,,,,,,,,,,,,,,,,,,,,,,,,,,,,,,,,,,,,,,,,,,,,,,,,
36207,4306,OPTSTK,SHRIRAMFIN,1443709800,32000,CE,1,825,825,5,1435708800,0,1443709800,,XX,,,SHRIRAMFIN25SEP320CE,P,30795,N,1443657600,1443709800,1.88E+09,26580,35010,1,0,0,0,2,1,2,0,2,0,3,0,0,3.30E+04,0,1435708800,0,0,0,0,0,0,0,0,1438794950,15,1,            ,0,2,0,0,,E,N,N,N,N,,,,,,,,,,,,,,,,,,,,,,,,,,,,,,,,,,,,,,,,,,,,,,,,,,,,,,,,,,,,,,,,,,,,,,,,,,,,,,,,,,,,,
36222,9480,OPTSTK,LICI,1440858600,61000,CE,1,700,700,5,1438732800,0,1440858600,,XX,,,LICI25AUG610CE,P,28770,N,1440806400,1440858600,6.32E+09,23910,33630,1,0,0,0,2,1,2,0,2,0,3,0,0,2.80E+04,0,1438732800,0,0,0,0,0,0,0,0,1438794946,15,1,            ,0,2,0,0,,E,N,N,N,N,,,,,,,,,,,,,,,,,,,,,,,,,,,,,,,,,,,,,,,,,,,,,,,,,,,,,,,,,,,,,,,,,,,,,,,,,,,,,,,,,,,,,
36232,3220,OPTSTK,LODHA,1443709800,60000,CE,1,450,450,5,1438732800,0,1443709800,,XX,,,LODHA25SEP600CE,P,64970,N,1443657600,1443709800,9.98E+08,54835,75105,1,0,0,0,2,1,2,0,2,0,3,0,0,1.80E+04,0,1438732800,0,0,0,0,0,0,0,0,1438794947,15,1,            ,0,2,0,0,,E,N,N,N,N,,,,,,,,,,,,,,,,,,,,,,,,,,,,,,,,,,,,,,,,,,,,,,,,,,,,,,,,,,,,,,,,,,,,,,,,,,,,,,,,,,,,,
36238,3273,OPTSTK,SRF,1443709800,410000,CE,1,200,200,5,1435708800,0,1443709800,,XX,,,SRF25SEP4100CE,P,280,N,1443657600,1443709800,2.96E+08,5,2280,1,0,0,0,2,1,2,0,2,0,3,0,0,8.00E+03,0,1435708800,0,0,0,0,0,0,0,0,1438794951,15,1,            ,0,2,0,0,,E,N,N,N,N,,,,,,,,,,,,,,,,,,,,,,,,,,,,,,,,,,,,,,,,,,,,,,,,,,,,,,,,,,,,,,,,,,,,,,,,,,,,,,,,,,,,,
36240,3363,OPTSTK,SUPREMEIND,1440858600,310000,CE,1,175,175,5,1435708800,0,1440858600,,XX,,,SUPREMEIND25AUG3100CE,P,120340,N,1440806400,1440858600,1.27E+08,91035,149645,1,0,0,0,2,1,2,0,2,0,3,0,0,5.25E+03,0,1435708800,0,0,0,0,0,0,0,0,1438794951,15,1,            ,0,2,0,0,,E,N,N,N,N,,,,,,,,,,,,,,,,,,,,,,,,,,,,,,,,,,,,,,,,,,,,,,,,,,,,,,,,,,,,,,,,,,,,,,,,,,,,,,,,,,,,,
36245,3432,OPTSTK,TATACONSUM,1440858600,79000,CE,1,550,550,5,1435708800,0,1440858600,,XX,,,TATACONSUM25AUG790CE,P,28575,N,1440806400,1440858600,9.89E+08,23870,33280,1,0,0,0,2,1,2,0,2,0,3,0,0,2.20E+04,0,1435708800,0,0,0,0,0,0,0,0,1438794951,15,1,            ,0,2,0,0,,E,N,N,N,N,,,,,,,,,,,,,,,,,,,,,,,,,,,,,,,,,,,,,,,,,,,,,,,,,,,,,,,,,,,,,,,,,,,,,,,,,,,,,,,,,,,,,
36248,11483,OPTSTK,LT,1443709800,255000,CE,1,175,175,5,1438732800,0,1443709800,,XX,,,LT25SEP2550CE,P,110540,N,1443657600,1443709800,1.38E+09,93240,127840,1,0,0,0,2,1,2,0,2,0,3,0,0,7.00E+03,0,1438732800,0,0,0,0,0,0,0,0,1438794947,15,1,            ,0,2,0,0,,E,N,N,N,N,,,,,,,,,,,,,,,,,,,,,,,,,,,,,,,,,,,,,,,,,,,,,,,,,,,,,,,,,,,,,,,,,,,,,,,,,,,,,,,,,,,,,
36252,10440,OPTSTK,LUPIN,1440858600,96000,CE,1,425,425,5,1433289600,0,1440858600,,XX,,,LUPIN25AUG960CE,P,92600,N,1440806400,1440858600,4.57E+08,82730,102470,1,0,0,0,2,1,2,0,2,0,3,0,0,1.28E+04,0,1433289600,0,0,0,0,0,0,0,0,1438794947,15,1,            ,0,2,0,0,,E,N,N,N,N,,,,,,,,,,,,,,,,,,,,,,,,,,,,,,,,,,,,,,,,,,,,,,,,,,,,,,,,,,,,,,,,,,,,,,,,,,,,,,,,,,,,,
36270,3411,OPTSTK,TATAELXSI,1443709800,820000,CE,1,100,100,5,1435708800,0,1443709800,,XX,,,TATAELXSI25SEP8200CE,P,820,N,1443657600,1443709800,6.23E+07,5,2820,1,0,0,0,2,1,2,0,2,0,3,0,0,4.00E+03,0,1435708800,0,0,0,0,0,0,0,0,1438794951,15,1,            ,0,2,0,0,,E,N,N,N,N,,,,,,,,,,,,,,,,,,,,,,,,,,,,,,,,,,,,,,,,,,,,,,,,,,,,,,,,,,,,,,,,,,,,,,,,,,,,,,,,,,,,,
36284,2031,OPTSTK,M&M,1443709800,225000,CE,1,200,200,5,1438732800,0,1443709800,,XX,,,M&M25SEP2250CE,P,97195,N,1443657600,1443709800,1.24E+09,79995,114395,1,0,0,0,2,1,2,0,2,0,3,0,0,8.00E+03,0,1438732800,0,0,0,0,0,0,0,0,1438794947,15,1,            ,0,2,0,0,,E,N,N,N,N,,,,,,,,,,,,,,,,,,,,,,,,,,,,,,,,,,,,,,,,,,,,,,,,,,,,,,,,,,,,,,,,,,,,,,,,,,,,,,,,,,,,,
36294,4067,OPTSTK,MARICO,1443709800,102000,CE,1,1200,1200,5,1438732800,0,1443709800,,XX,,,MARICO25SEP1020CE,P,5,N,1443657600,1443709800,1.30E+09,5,2005,1,0,0,0,2,1,2,0,2,0,3,0,0,3.60E+04,0,1438732800,0,0,0,0,0,0,0,0,1438793466,15,1,            ,0,2,0,0,,E,N,N,N,N,,,,,,,,,,,,,,,,,,,,,,,,,,,,,,,,,,,,,,,,,,,,,,,,,,,,,,,,,,,,,,,,,,,,,,,,,,,,,,,,,,,,,
36315,2142,OPTSTK,MFSL,1440858600,76000,CE,1,800,800,5,1438732800,0,1440858600,,XX,,,MFSL25AUG760CE,P,72460,N,1440806400,1440858600,3.45E+08,65050,79870,1,0,0,0,2,1,2,0,2,0,3,0,0,1.60E+04,0,1438732800,0,0,0,0,0,0,0,0,1438794947,15,1,            ,2,0,0,0,,E,N,N,N,N,,,,,,,,,,,,,,,,,,,,,,,,,,,,,,,,,,,,,,,,,,,,,,,,,,,,,,,,,,,,,,,,,,,,,,,,,,,,,,,,,,,,,
36319,3518,OPTSTK,TORNTPHARM,1440858600,435000,CE,1,250,250,5,1435708800,0,1440858600,,XX,,,TORNTPHARM25AUG4350CE,P,50,N,1440806400,1440858600,3.38E+08,5,2050,1,0,0,0,2,1,2,0,2,0,3,0,0,7.50E+03,0,1435708800,0,0,0,0,0,0,0,0,1438794952,15,1,            ,0,2,0,0,,E,N,N,N,N,,,,,,,,,,,,,,,,,,,,,,,,,,,,,,,,,,,,,,,,,,,,,,,,,,,,,,,,,,,,,,,,,,,,,,,,,,,,,,,,,,,,,
36332,1964,OPTSTK,TRENT,1443709800,420000,CE,1,100,100,5,1435708800,0,1443709800,,XX,,,TRENT25SEP4200CE,P,113835,N,1443657600,1443709800,3.55E+08,77560,150110,1,0,0,0,2,1,2,0,2,0,3,0,0,4.00E+03,0,1435708800,0,0,0,0,0,0,0,0,1438794952,15,1,            ,0,2,0,0,,E,N,N,N,N,,,,,,,,,,,,,,,,,,,,,,,,,,,,,,,,,,,,,,,,,,,,,,,,,,,,,,,,,,,,,,,,,,,,,,,,,,,,,,,,,,,,,
36334,6364,OPTSTK,NATIONALUM,1440858600,9000,CE,1,3750,3750,5,1438732800,0,1440858600,,XX,,,NATIONALUM25AUG90CE,P,9750,N,1440806400,1440858600,1.84E+09,7750,11750,1,0,0,0,2,1,2,0,2,0,3,0,0,1.13E+05,0,1438732800,0,0,0,0,0,0,0,0,1438794948,15,1,            ,0,2,0,0,,E,N,N,N,N,,,,,,,,,,,,,,,,,,,,,,,,,,,,,,,,,,,,,,,,,,,,,,,,,,,,,,,,,,,,,,,,,,,,,,,,,,,,,,,,,,,,,
36348,13751,OPTSTK,NAUKRI,1443709800,76000,CE,1,375,375,5,1438732800,0,1443709800,,XX,,,NAUKRI25SEP760CE,P,61810,N,1443657600,1443709800,6.48E+08,53175,70445,1,0,0,0,2,1,2,0,2,0,3,0,0,1.50E+04,0,1438732800,0,0,0,0,0,0,0,0,1438794948,15,1,            ,0,2,0,0,,E,N,N,N,N,,,,,,,,,,,,,,,,,,,,,,,,,,,,,,,,,,,,,,,,,,,,,,,,,,,,,,,,,,,,,,,,,,,,,,,,,,,,,,,,,,,,,
36356,31415,OPTSTK,NBCC,1440858600,4500,CE,1,6500,6500,5,1438732800,0,1440858600,,XX,,,NBCC25AUG45CE,P,6605,N,1440806400,1440858600,2.70E+09,4605,8605,1,0,0,0,2,1,2,0,2,0,3,0,0,1.95E+05,0,1438732800,0,0,0,0,0,0,0,0,1438794948,15,1,            ,0,2,0,0,,E,N,N,N,N,,,,,,,,,,,,,,,,,,,,,,,,,,,,,,,,,,,,,,,,,,,,,,,,,,,,,,,,,,,,,,,,,,,,,,,,,,,,,,,,,,,,,
36359,31181,OPTSTK,MCX,1440858600,920000,CE,0,125,125,5,1433289600,0,1440858600,,XX,,,MCX25AUG9200CE,P,1995,N,1440806400,1440858600,5.10E+07,5,11060,1,0,0,0,2,1,2,0,2,0,3,0,0,2.50E+03,0,1433289600,0,0,0,0,0,0,0,0,1438794947,15,1,            ,0,2,0,0,,E,N,N,N,N,,,,,,,,,,,,,,,,,,,,,,,,,,,,,,,,,,,,,,,,,,,,,,,,,,,,,,,,,,,,,,,,,,,,,,,,,,,,,,,,,,,,,
36364,2319,OPTSTK,NCC,1440858600,12000,CE,1,2700,2700,5,1438732800,0,1440858600,,XX,,,NCC25AUG120CE,P,9195,N,1440806400,1440858600,6.28E+08,7195,11195,1,0,0,0,2,1,2,0,2,0,3,0,0,1.08E+05,0,1438732800,0,0,0,0,0,0,0,0,1438794948,15,1,            ,0,2,0,0,,E,N,N,N,N,,,,,,,,,,,,,,,,,,,,,,,,,,,,,,,,,,,,,,,,,,,,,,,,,,,,,,,,,,,,,,,,,,,,,,,,,,,,,,,,,,,,,
36367,11532,OPTSTK,ULTRACEMCO,1440858600,1700000,CE,1,50,50,5,1435708800,0,1440858600,,XX,,,ULTRACEMCO25AUG17000CE,P,5,N,1440806400,1440858600,2.95E+08,5,2005,1,0,0,0,2,1,2,0,2,0,3,0,0,2.00E+03,0,1435708800,0,0,0,0,0,0,0,0,1438793466,15,1,            ,0,2,0,0,,E,N,N,N,N,,,,,,,,,,,,,,,,,,,,,,,,,,,,,,,,,,,,,,,,,,,,,,,,,,,,,,,,,,,,,,,,,,,,,,,,,,,,,,,,,,,,,
36374,17963,OPTSTK,NESTLEIND,1443709800,298000,CE,1,250,250,5,1438732800,0,1443709800,,XX,,,NESTLEIND25SEP2980CE,P,20,N,1443657600,1443709800,9.64E+08,5,2020,1,0,0,0,2,1,2,0,2,0,3,0,0,1.00E+04,0,1438732800,0,0,0,0,0,0,0,0,1438793466,15,1,            ,0,0,2,0,,E,N,N,N,N,,,,,,,,,,,,,,,,,,,,,,,,,,,,,,,,,,,,,,,,,,,,,,,,,,,,,,,,,,,,,,,,,,,,,,,,,,,,,,,,,,,,,
36384,11630,OPTSTK,NTPC,1440858600,22500,CE,1,1500,1500,5,1438732800,0,1440858600,,XX,,,NTPC25AUG225CE,P,10790,N,1440806400,1440858600,9.70E+09,8790,12790,1,0,0,0,2,1,2,0,2,0,3,0,0,7.50E+04,0,1438732800,0,0,0,0,0,0,0,0,1438794948,15,1,            ,0,2,0,0,,E,N,N,N,N,,,,,,,,,,,,,,,,,,,,,,,,,,,,,,,,,,,,,,,,,,,,,,,,,,,,,,,,,,,,,,,,,,,,,,,,,,,,,,,,,,,,,
36386,14154,OPTSTK,UNOMINDA,1443709800,148000,CE,1,550,550,5,1435708800,0,1443709800,,XX,,,UNOMINDA25SEP1480CE,P,235,N,1443657600,1443709800,5.74E+08,5,2235,1,0,0,0,2,1,2,0,2,0,3,0,0,2.20E+04,0,1435708800,0,0,0,0,0,0,0,0,1438794952,15,1,            ,0,2,0,0,,E,N,N,N,N,,,,,,,,,,,,,,,,,,,,,,,,,,,,,,,,,,,,,,,,,,,,,,,,,,,,,,,,,,,,,,,,,,,,,,,,,,,,,,,,,,,,,
36390,18921,OPTSTK,VBL,1443709800,72000,CE,1,1025,1025,5,1435708800,0,1443709800,,XX,,,VBL25SEP720CE,P,65,N,1443657600,1443709800,3.38E+09,5,2065,1,0,0,0,2,1,2,0,2,0,3,0,0,5.13E+04,0,1435708800,0,0,0,0,0,0,0,0,1438794952,15,1,            ,0,2,0,0,,E,N,N,N,N,,,,,,,,,,,,,,,,,,,,,,,,,,,,,,,,,,,,,,,,,,,,,,,,,,,,,,,,,,,,,,,,,,,,,,,,,,,,,,,,,,,,,
36391,18721,OPTSTK,NUVAMA,1440858600,400000,CE,1,75,75,5,1438732800,0,1440858600,,XX,,,NUVAMA25AUG4000CE,P,289525,N,1440806400,1440858600,3.60E+07,228440,350610,1,0,0,0,2,1,2,0,2,0,3,0,0,3.00E+03,0,1438732800,0,0,0,0,0,0,0,0,1438794948,15,1,            ,0,2,0,0,,E,N,N,N,N,,,,,,,,,,,,,,,,,,,,,,,,,,,,,,,,,,,,,,,,,,,,,,,,,,,,,,,,,,,,,,,,,,,,,,,,,,,,,,,,,,,,,
36398,1901,OPTSTK,CUMMINSIND,1440858600,460000,CE,1,200,200,5,1433376000,0,1440858600,,XX,,,CUMMINSIND25AUG4600CE,P,65,N,1440806400,1440858600,2.77E+08,5,2065,1,0,0,0,2,1,2,0,2,0,3,0,0,8.00E+03,0,1433376000,0,0,0,0,0,0,0,0,1438794942,15,1,            ,0,2,0,0,,E,N,N,N,N,,,,,,,,,,,,,,,,,,,,,,,,,,,,,,,,,,,,,,,,,,,,,,,,,,,,,,,,,,,,,,,,,,,,,,,,,,,,,,,,,,,,,
36409,3787,OPTSTK,WIPRO,1440858600,14500,CE,1,3000,3000,5,1435708800,0,1440858600,,XX,,,WIPRO25AUG145CE,P,10165,N,1440806400,1440858600,1.05E+10,8165,12165,1,0,0,0,2,1,2,0,2,0,3,0,0,9.00E+04,0,1435708800,0,0,0,0,0,0,0,0,1438794953,15,1,            ,0,2,0,0,,E,N,N,N,N,,,,,,,,,,,,,,,,,,,,,,,,,,,,,,,,,,,,,,,,,,,,,,,,,,,,,,,,,,,,,,,,,,,,,,,,,,,,,,,,,,,,,
36453,23650,OPTSTK,MUTHOOTFIN,1440858600,320000,CE,1,275,275,5,1433289600,0,1440858600,,XX,,,MUTHOOTFIN25AUG3200CE,P,265,N,1440806400,1440858600,4.01E+08,5,2265,1,0,0,0,2,1,2,0,2,0,3,0,0,8.25E+03,0,1433289600,0,0,0,0,0,0,0,0,1438794948,15,1,            ,0,2,0,0,,E,N,N,N,N,,,,,,,,,,,,,,,,,,,,,,,,,,,,,,,,,,,,,,,,,,,,,,,,,,,,,,,,,,,,,,,,,,,,,,,,,,,,,,,,,,,,,
36460,17029,OPTSTK,PATANJALI,1443709800,138000,CE,1,300,300,5,1438732800,0,1443709800,,XX,,,PATANJALI25SEP1380CE,P,49555,N,1443657600,1443709800,3.63E+08,38920,60190,1,0,0,0,2,1,2,0,2,0,3,0,0,1.20E+04,0,1438732800,0,0,0,0,0,0,0,0,1438794949,15,1,            ,0,2,0,0,,E,N,N,N,N,,,,,,,,,,,,,,,,,,,,,,,,,,,,,,,,,,,,,,,,,,,,,,,,,,,,,,,,,,,,,,,,,,,,,,,,,,,,,,,,,,,,,
36473,6705,OPTSTK,PAYTM,1446129000,56000,CE,1,725,725,5,1438732800,0,1446129000,,XX,,,PAYTM25OCT560CE,P,52690,N,1446076800,1446129000,6.38E+08,42620,62760,1,0,0,0,2,1,2,0,2,0,3,0,0,2.18E+04,0,1438732800,0,0,0,0,0,0,0,0,1438794949,15,1,            ,0,0,0,0,,E,N,N,N,N,,,,,,,,,,,,,,,,,,,,,,,,,,,,,,,,,,,,,,,,,,,,,,,,,,,,,,,,,,,,,,,,,,,,,,,,,,,,,,,,,,,,,
36478,18365,OPTSTK,PERSISTENT,1440858600,260000,CE,1,100,100,5,1438732800,0,1440858600,,XX,,,PERSISTENT25AUG2600CE,P,258775,N,1440806400,1440858600,1.56E+08,223720,293830,1,0,0,0,2,1,2,0,2,0,3,0,0,4.00E+03,0,1438732800,0,0,0,0,0,0,0,0,1438794949,15,1,            ,2,2,0,0,,E,N,N,N,N,,,,,,,,,,,,,,,,,,,,,,,,,,,,,,,,,,,,,,,,,,,,,,,,,,,,,,,,,,,,,,,,,,,,,,,,,,,,,,,,,,,,,
36487,11351,OPTSTK,PETRONET,1440858600,13000,CE,1,1800,1800,5,1438732800,0,1440858600,,XX,,,PETRONET25AUG130CE,P,15265,N,1440806400,1440858600,1.50E+09,13265,17265,1,0,0,0,2,1,2,0,2,0,3,0,0,7.20E+04,0,1438732800,0,0,0,0,0,0,0,0,1438794949,15,1,            ,0,2,0,0,,E,N,N,N,N,,,,,,,,,,,,,,,,,,,,,,,,,,,,,,,,,,,,,,,,,,,,,,,,,,,,,,,,,,,,,,,,,,,,,,,,,,,,,,,,,,,,,
36502,25358,OPTSTK,PGEL,1443709800,54000,CE,1,700,700,5,1438732800,0,1443709800,,XX,,,PGEL25SEP540CE,P,25900,N,1443657600,1443709800,2.83E+08,18300,33500,1,0,0,0,2,1,2,0,2,0,3,0,0,2.80E+04,0,1438732800,0,0,0,0,0,0,0,0,1438794949,15,1,            ,0,2,0,0,,E,N,N,N,N,,,,,,,,,,,,,,,,,,,,,,,,,,,,,,,,,,,,,,,,,,,,,,,,,,,,,,,,,,,,,,,,,,,,,,,,,,,,,,,,,,,,,
36516,2664,OPTSTK,PIDILITIND,1440858600,152000,CE,1,250,250,5,1438732800,0,1440858600,,XX,,,PIDILITIND25AUG1520CE,P,143780,N,1440806400,1440858600,5.09E+08,132995,154565,1,0,0,0,2,1,2,0,2,0,3,0,0,7.50E+03,0,1438732800,0,0,0,0,0,0,0,0,1438794949,15,1,            ,2,2,0,0,,E,N,N,N,N,,,,,,,,,,,,,,,,,,,,,,,,,,,,,,,,,,,,,,,,,,,,,,,,,,,,,,,,,,,,,,,,,,,,,,,,,,,,,,,,,,,,,
36520,10666,OPTSTK,PNB,1440858600,5600,CE,1,8000,8000,5,1438732800,0,1440858600,,XX,,,PNB25AUG56CE,P,4890,N,1440806400,1440858600,1.15E+10,2890,6890,1,0,0,0,2,1,2,0,2,0,3,0,0,2.40E+05,0,1438732800,0,0,0,0,0,0,0,0,1438794949,15,1,            ,0,2,0,0,,E,N,N,N,N,,,,,,,,,,,,,,,,,,,,,,,,,,,,,,,,,,,,,,,,,,,,,,,,,,,,,,,,,,,,,,,,,,,,,,,,,,,,,,,,,,,,,
36542,18908,OPTSTK,PNBHOUSING,1440858600,32000,CE,1,650,650,5,1438732800,0,1440858600,,XX,,,PNBHOUSING25AUG320CE,P,45980,N,1440806400,1440858600,2.60E+08,39470,52490,1,0,0,0,2,1,2,0,2,0,3,0,0,2.60E+04,0,1438732800,0,0,0,0,0,0,0,0,1438794949,15,1,            ,0,2,0,0,,E,N,N,N,N,,,,,,,,,,,,,,,,,,,,,,,,,,,,,,,,,,,,,,,,,,,,,,,,,,,,,,,,,,,,,,,,,,,,,,,,,,,,,,,,,,,,,
36560,5748,OPTSTK,CYIENT,1440858600,68000,CE,1,425,425,5,1435795200,0,1440858600,,XX,,,CYIENT25AUG680CE,P,53270,N,1440806400,1440858600,1.11E+08,44340,62200,1,0,0,0,2,1,2,0,2,0,3,0,0,1.70E+04,0,1435795200,0,0,0,0,0,0,0,0,1438794942,15,1,            ,0,2,0,0,,E,N,N,N,N,,,,,,,,,,,,,,,,,,,,,,,,,,,,,,,,,,,,,,,,,,,,,,,,,,,,,,,,,,,,,,,,,,,,,,,,,,,,,,,,,,,,,
36591,21690,OPTSTK,DIXON,1440858600,1925000,CE,1,50,50,5,1435795200,0,1440858600,,XX,,,DIXON25AUG19250CE,P,18890,N,1440806400,1440858600,6.05E+07,5,41440,1,0,0,0,2,1,2,0,2,0,3,0,0,1.50E+03,0,1435795200,0,0,0,0,0,0,0,0,1438794942,15,1,            ,2,2,0,0,,E,N,N,N,N,,,,,,,,,,,,,,,,,,,,,,,,,,,,,,,,,,,,,,,,,,,,,,,,,,,,,,,,,,,,,,,,,,,,,,,,,,,,,,,,,,,,,
36627,17438,OPTSTK,OIL,1440858600,24000,CE,1,1400,1400,5,1433289600,0,1440858600,,XX,,,OIL25AUG240CE,P,18980,N,1440806400,1440858600,1.63E+09,15710,22250,1,0,0,0,2,1,2,0,2,0,3,0,0,5.60E+04,0,1433289600,0,0,0,0,0,0,0,0,1438794948,15,1,            ,0,2,0,0,,E,N,N,N,N,,,,,,,,,,,,,,,,,,,,,,,,,,,,,,,,,,,,,,,,,,,,,,,,,,,,,,,,,,,,,,,,,,,,,,,,,,,,,,,,,,,,,
36630,9590,OPTSTK,POLYCAB,1443709800,360000,CE,1,125,125,5,1438732800,0,1443709800,,XX,,,POLYCAB25SEP3600CE,P,335360,N,1443657600,1443709800,1.50E+08,286510,384210,1,0,0,0,2,1,2,0,2,0,3,0,0,3.75E+03,0,1438732800,0,0,0,0,0,0,0,0,1438794950,15,1,            ,0,2,0,0,,E,N,N,N,N,,,,,,,,,,,,,,,,,,,,,,,,,,,,,,,,,,,,,,,,,,,,,,,,,,,,,,,,,,,,,,,,,,,,,,,,,,,,,,,,,,,,,
36641,11571,OPTSTK,PPLPHARMA,1440858600,10000,CE,1,2500,2500,5,1438732800,0,1440858600,,XX,,,PPLPHARMA25AUG100CE,P,9545,N,1440806400,1440858600,1.33E+09,7545,11545,1,0,0,0,2,1,2,0,2,0,3,0,0,1.00E+05,0,1438732800,0,0,0,0,0,0,0,0,1438794950,15,1,            ,0,2,0,0,,E,N,N,N,N,,,,,,,,,,,,,,,,,,,,,,,,,,,,,,,,,,,,,,,,,,,,,,,,,,,,,,,,,,,,,,,,,,,,,,,,,,,,,,,,,,,,,
36643,18391,OPTSTK,RBLBANK,1446129000,17000,CE,1,3175,3175,5,1438732800,0,1446129000,,XX,,,RBLBANK25OCT170CE,P,9830,N,1446076800,1446129000,6.09E+08,7795,11865,1,0,0,0,2,1,2,0,2,0,3,0,0,9.53E+04,0,1438732800,0,0,0,0,0,0,0,0,1438794950,15,1,            ,0,2,0,0,,E,N,N,N,N,,,,,,,,,,,,,,,,,,,,,,,,,,,,,,,,,,,,,,,,,,,,,,,,,,,,,,,,,,,,,,,,,,,,,,,,,,,,,,,,,,,,,
36646,15355,OPTSTK,RECLTD,1440858600,20000,CE,1,1275,1275,5,1438732800,0,1440858600,,XX,,,RECLTD25AUG200CE,P,19435,N,1440806400,1440858600,2.63E+09,16365,22505,1,0,0,0,2,1,2,0,2,0,3,0,0,6.38E+04,0,1438732800,0,0,0,0,0,0,0,0,1438794950,15,1,            ,0,2,0,0,,E,N,N,N,N,,,,,,,,,,,,,,,,,,,,,,,,,,,,,,,,,,,,,,,,,,,,,,,,,,,,,,,,,,,,,,,,,,,,,,,,,,,,,,,,,,,,,
36678,3045,OPTSTK,SBIN,1440858600,55000,CE,1,750,750,5,1438732800,0,1440858600,,XX,,,SBIN25AUG550CE,P,24790,N,1440806400,1440858600,8.92E+09,21265,28315,1,0,0,0,2,1,2,0,2,0,3,0,0,3.00E+04,0,1438732800,0,0,0,0,0,0,0,0,1438794950,15,1,            ,0,2,0,0,,E,N,N,N,N,,,,,,,,,,,,,,,,,,,,,,,,,,,,,,,,,,,,,,,,,,,,,,,,,,,,,,,,,,,,,,,,,,,,,,,,,,,,,,,,,,,,,
36687,14747,FUTSTK,011NSETEST,1795876200,-1,XX,0,50,50,5,1364688000,0,1795876200,,XX,,,011NSETEST36DECFUT,C,20000,N,0,0,1.00E+08,18000,22000,1,0,0,0,2,1,2,0,2,0,3,0,0,1.00E+05,0,1364688000,0,0,0,0,0,0,0,0,1438793466,15,1,            ,0,0,0,0,,E,N,N,N,N,,,,,,,,,,,,,,,,,,,,,,,,,,,,,,,,,,,,,,,,,,,,,,,,,,,,,,,,,,,,,,,,,,,,,,,,,,,,,,,,,,,,,
36690,14751,FUTSTK,021NSETEST,1795876200,-1,XX,0,50,50,5,1364688000,0,1795876200,,XX,,,021NSETEST36DECFUT,C,20000,N,0,0,1.00E+08,18000,22000,1,0,0,0,2,1,2,0,2,0,3,0,0,1.00E+05,0,1364688000,0,0,0,0,0,0,0,0,1438793466,15,1,            ,0,0,0,0,,E,N,N,N,N,,,,,,,,,,,,,,,,,,,,,,,,,,,,,,,,,,,,,,,,,,,,,,,,,,,,,,,,,,,,,,,,,,,,,,,,,,,,,,,,,,,,,
36691,14753,FUTSTK,031NSETEST,1795876200,-1,XX,0,50,50,5,1364688000,0,1795876200,,XX,,,031NSETEST36DECFUT,C,20000,N,0,0,1.00E+08,18000,22000,1,0,0,0,2,1,2,0,2,0,3,0,0,1.00E+05,0,1364688000,0,0,0,0,0,0,0,0,1438793466,15,1,            ,0,0,0,0,,E,N,N,N,N,,,,,,,,,,,,,,,,,,,,,,,,,,,,,,,,,,,,,,,,,,,,,,,,,,,,,,,,,,,,,,,,,,,,,,,,,,,,,,,,,,,,,
36694,14755,FUTSTK,041NSETEST,1795876200,-1,XX,0,50,50,5,1364688000,0,1795876200,,XX,,,041NSETEST36DECFUT,C,20000,N,0,0,1.00E+08,18000,22000,1,0,0,0,2,1,2,0,2,0,3,0,0,1.00E+05,0,1364688000,0,0,0,0,0,0,0,0,1438793466,15,1,            ,0,0,0,0,,E,N,N,N,N,,,,,,,,,,,,,,,,,,,,,,,,,,,,,,,,,,,,,,,,,,,,,,,,,,,,,,,,,,,,,,,,,,,,,,,,,,,,,,,,,,,,,
36697,14758,FUTSTK,051NSETEST,1795876200,-1,XX,0,50,50,5,1364688000,0,1795876200,,XX,,,051NSETEST36DECFUT,C,20000,N,0,0,1.00E+08,18000,22000,1,0,0,0,2,1,2,0,2,0,3,0,0,1.00E+05,0,1364688000,0,0,0,0,0,0,0,0,1438793466,15,1,            ,0,0,0,0,,E,N,N,N,N,,,,,,,,,,,,,,,,,,,,,,,,,,,,,,,,,,,,,,,,,,,,,,,,,,,,,,,,,,,,,,,,,,,,,,,,,,,,,,,,,,,,,
36700,14762,FUTSTK,061NSETEST,1795876200,-1,XX,0,50,50,5,1364688000,0,1795876200,,XX,,,061NSETEST36DECFUT,C,20000,N,0,0,1.00E+08,18000,22000,1,0,0,0,2,1,2,0,2,0,3,0,0,1.00E+05,0,1364688000,0,0,0,0,0,0,0,0,1438793466,15,1,            ,0,0,0,0,,E,N,N,N,N,,,,,,,,,,,,,,,,,,,,,,,,,,,,,,,,,,,,,,,,,,,,,,,,,,,,,,,,,,,,,,,,,,,,,,,,,,,,,,,,,,,,,
36702,14764,FUTSTK,071NSETEST,1795876200,-1,XX,0,50,50,5,1364688000,0,1795876200,,XX,,,071NSETEST36DECFUT,C,20000,N,0,0,1.00E+08,18000,22000,1,0,0,0,2,1,2,0,2,0,3,0,0,1.00E+05,0,1364688000,0,0,0,0,0,0,0,0,1438793466,15,1,            ,0,0,0,0,,E,N,N,N,N,,,,,,,,,,,,,,,,,,,,,,,,,,,,,,,,,,,,,,,,,,,,,,,,,,,,,,,,,,,,,,,,,,,,,,,,,,,,,,,,,,,,,
36709,14767,FUTSTK,081NSETEST,1795876200,-1,XX,0,50,50,5,1364688000,0,1795876200,,XX,,,081NSETEST36DECFUT,C,20000,N,0,0,1.00E+08,18000,22000,1,0,0,0,2,1,2,0,2,0,3,0,0,1.00E+05,0,1364688000,0,0,0,0,0,0,0,0,1438793466,15,1,            ,0,0,0,0,,E,N,N,N,N,,,,,,,,,,,,,,,,,,,,,,,,,,,,,,,,,,,,,,,,,,,,,,,,,,,,,,,,,,,,,,,,,,,,,,,,,,,,,,,,,,,,,
36713,14769,FUTSTK,091NSETEST,1795876200,-1,XX,0,50,50,5,1364688000,0,1795876200,,XX,,,091NSETEST36DECFUT,C,20000,N,0,0,1.00E+08,18000,22000,1,0,0,0,2,1,2,0,2,0,3,0,0,1.00E+05,0,1364688000,0,0,0,0,0,0,0,0,1438793466,15,1,            ,0,0,0,0,,E,N,N,N,N,,,,,,,,,,,,,,,,,,,,,,,,,,,,,,,,,,,,,,,,,,,,,,,,,,,,,,,,,,,,,,,,,,,,,,,,,,,,,,,,,,,,,
36715,14772,FUTSTK,101NSETEST,1795876200,-1,XX,0,50,50,5,1364688000,0,1795876200,,XX,,,101NSETEST36DECFUT,C,20000,N,0,0,1.00E+08,18000,22000,1,0,0,0,2,1,2,0,2,0,3,0,0,1.00E+05,0,1364688000,0,0,0,0,0,0,0,0,1438793466,15,1,            ,0,0,0,0,,E,N,N,N,N,,,,,,,,,,,,,,,,,,,,,,,,,,,,,,,,,,,,,,,,,,,,,,,,,,,,,,,,,,,,,,,,,,,,,,,,,,,,,,,,,,,,,
36716,14774,FUTSTK,111NSETEST,1795876200,-1,XX,0,50,50,5,1364688000,0,1795876200,,XX,,,111NSETEST36DECFUT,C,20000,N,0,0,1.00E+08,18000,22000,1,0,0,0,2,1,2,0,2,0,3,0,0,1.00E+05,0,1364688000,0,0,0,0,0,0,0,0,1438793466,15,1,            ,0,0,0,0,,E,N,N,N,N,,,,,,,,,,,,,,,,,,,,,,,,,,,,,,,,,,,,,,,,,,,,,,,,,,,,,,,,,,,,,,,,,,,,,,,,,,,,,,,,,,,,,
36718,14777,FUTSTK,121NSETEST,1795876200,-1,XX,0,50,50,5,1364688000,0,1795876200,,XX,,,121NSETEST36DECFUT,C,20000,N,0,0,1.00E+08,18000,22000,1,0,0,0,2,1,2,0,2,0,3,0,0,1.00E+05,0,1364688000,0,0,0,0,0,0,0,0,1438793466,15,1,            ,0,0,0,0,,E,N,N,N,N,,,,,,,,,,,,,,,,,,,,,,,,,,,,,,,,,,,,,,,,,,,,,,,,,,,,,,,,,,,,,,,,,,,,,,,,,,,,,,,,,,,,,
36720,14778,FUTSTK,131NSETEST,1795876200,-1,XX,0,50,50,5,1364688000,0,1795876200,,XX,,,131NSETEST36DECFUT,C,20000,N,0,0,1.00E+08,18000,22000,1,0,0,0,2,1,2,0,2,0,3,0,0,1.00E+05,0,1364688000,0,0,0,0,0,0,0,0,1438793466,15,1,            ,0,0,0,0,,E,N,N,N,N,,,,,,,,,,,,,,,,,,,,,,,,,,,,,,,,,,,,,,,,,,,,,,,,,,,,,,,,,,,,,,,,,,,,,,,,,,,,,,,,,,,,,
36721,14781,FUTSTK,141NSETEST,1795876200,-1,XX,0,50,50,5,1364688000,0,1795876200,,XX,,,141NSETEST36DECFUT,C,20000,N,0,0,1.00E+08,18000,22000,1,0,0,0,2,1,2,0,2,0,3,0,0,1.00E+05,0,1364688000,0,0,0,0,0,0,0,0,1438793466,15,1,            ,0,0,0,0,,E,N,N,N,N,,,,,,,,,,,,,,,,,,,,,,,,,,,,,,,,,,,,,,,,,,,,,,,,,,,,,,,,,,,,,,,,,,,,,,,,,,,,,,,,,,,,,
36722,3150,OPTSTK,SIEMENS,1440858600,195000,CE,1,125,125,5,1438732800,0,1440858600,,XX,,,SIEMENS25AUG1950CE,P,105130,N,1440806400,1440858600,3.56E+08,85205,125055,1,0,0,0,2,1,2,0,2,0,3,0,0,7.50E+03,0,1438732800,0,0,0,0,0,0,0,0,1438794950,15,1,            ,0,0,0,0,,E,N,N,N,N,,,,,,,,,,,,,,,,,,,,,,,,,,,,,,,,,,,,,,,,,,,,,,,,,,,,,,,,,,,,,,,,,,,,,,,,,,,,,,,,,,,,,
36724,14782,FUTSTK,151NSETEST,1795876200,-1,XX,0,50,50,5,1364688000,0,1795876200,,XX,,,151NSETEST36DECFUT,C,20000,N,0,0,1.00E+08,18000,22000,1,0,0,0,2,1,2,0,2,0,3,0,0,1.00E+05,0,1364688000,0,0,0,0,0,0,0,0,1438793466,15,1,            ,0,0,0,0,,E,N,N,N,N,,,,,,,,,,,,,,,,,,,,,,,,,,,,,,,,,,,,,,,,,,,,,,,,,,,,,,,,,,,,,,,,,,,,,,,,,,,,,,,,,,,,,
36725,14784,FUTSTK,161NSETEST,1795876200,-1,XX,0,50,50,5,1364688000,0,1795876200,,XX,,,161NSETEST36DECFUT,C,20000,N,0,0,1.00E+08,18000,22000,1,0,0,0,2,1,2,0,2,0,3,0,0,1.00E+05,0,1364688000,0,0,0,0,0,0,0,0,1438793466,15,1,            ,0,0,0,0,,E,N,N,N,N,,,,,,,,,,,,,,,,,,,,,,,,,,,,,,,,,,,,,,,,,,,,,,,,,,,,,,,,,,,,,,,,,,,,,,,,,,,,,,,,,,,,,
36734,18883,OPTSTK,SJVN,1440858600,4500,CE,1,5875,5875,5,1438732800,0,1440858600,,XX,,,SJVN25AUG45CE,P,4830,N,1440806400,1440858600,3.93E+09,2830,6830,1,0,0,0,2,1,2,0,2,0,3,0,0,2.35E+05,0,1438732800,0,0,0,0,0,0,0,0,1438794951,15,1,            ,0,2,0,0,,E,N,N,N,N,,,,,,,,,,,,,,,,,,,,,,,,,,,,,,,,,,,,,,,,,,,,,,,,,,,,,,,,,,,,,,,,,,,,,,,,,,,,,,,,,,,,,
36737,13332,OPTSTK,SOLARINDS,1440858600,875000,CE,1,75,75,5,1438732800,0,1440858600,,XX,,,SOLARINDS25AUG8750CE,P,565040,N,1440806400,1440858600,9.05E+07,467800,662280,1,0,0,0,2,1,2,0,2,0,3,0,0,1.50E+03,0,1438732800,0,0,0,0,0,0,0,0,1438794951,15,1,            ,2,2,0,0,,E,N,N,N,N,,,,,,,,,,,,,,,,,,,,,,,,,,,,,,,,,,,,,,,,,,,,,,,,,,,,,,,,,,,,,,,,,,,,,,,,,,,,,,,,,,,,,
36746,4684,OPTSTK,SONACOMS,1440858600,29000,CE,1,1050,1050,5,1438732800,0,1440858600,,XX,,,SONACOMS25AUG290CE,P,15415,N,1440806400,1440858600,6.22E+08,12430,18400,1,0,0,0,2,1,2,0,2,0,3,0,0,5.25E+04,0,1438732800,0,0,0,0,0,0,0,0,1438794951,15,1,            ,0,2,0,0,,E,N,N,N,N,,,,,,,,,,,,,,,,,,,,,,,,,,,,,,,,,,,,,,,,,,,,,,,,,,,,,,,,,,,,,,,,,,,,,,,,,,,,,,,,,,,,,
36753,3351,OPTSTK,SUNPHARMA,1440858600,92000,CE,1,350,350,5,1438732800,0,1440858600,,XX,,,SUNPHARMA25AUG920CE,P,72525,N,1440806400,1440858600,2.40E+09,66125,78925,1,0,0,0,2,1,2,0,2,0,3,0,0,1.40E+04,0,1438732800,0,0,0,0,0,0,0,0,1438794951,15,1,            ,0,2,0,0,,E,N,N,N,N,,,,,,,,,,,,,,,,,,,,,,,,,,,,,,,,,,,,,,,,,,,,,,,,,,,,,,,,,,,,,,,,,,,,,,,,,,,,,,,,,,,,,
36777,12018,OPTSTK,SUZLON,1440858600,8100,CE,1,8000,8000,5,1438732800,0,1440858600,,XX,,,SUZLON25AUG81CE,P,30,N,1440806400,1440858600,1.37E+10,5,2030,1,0,0,0,2,1,2,0,2,0,3,0,0,4.00E+05,0,1438732800,0,0,0,0,0,0,0,0,1438794951,15,1,            ,2,0,0,0,,E,N,N,N,N,,,,,,,,,,,,,,,,,,,,,,,,,,,,,,,,,,,,,,,,,,,,,,,,,,,,,,,,,,,,,,,,,,,,,,,,,,,,,,,,,,,,,
36802,11872,OPTSTK,GRANULES,1440858600,34000,CE,1,1075,1075,5,1433376000,0,1440858600,,XX,,,GRANULES25AUG340CE,P,11545,N,1440806400,1440858600,2.42E+08,8290,14800,1,0,0,0,2,1,2,0,2,0,3,0,0,5.38E+04,0,1433376000,0,0,0,0,0,0,0,0,1438794943,15,1,            ,0,2,0,0,,E,N,N,N,N,,,,,,,,,,,,,,,,,,,,,,,,,,,,,,,,,,,,,,,,,,,,,,,,,,,,,,,,,,,,,,,,,,,,,,,,,,,,,,,,,,,,,
36832,10243,OPTSTK,SYNGENE,1443709800,49000,CE,1,1000,1000,5,1438732800,0,1443709800,,XX,,,SYNGENE25SEP490CE,P,21945,N,1443657600,1443709800,4.03E+08,18190,25700,1,0,0,0,2,1,2,0,2,0,3,0,0,4.00E+04,0,1438732800,0,0,0,0,0,0,0,0,1438794951,15,1,            ,0,2,0,0,,E,N,N,N,N,,,,,,,,,,,,,,,,,,,,,,,,,,,,,,,,,,,,,,,,,,,,,,,,,,,,,,,,,,,,,,,,,,,,,,,,,,,,,,,,,,,,,
36833,6656,OPTSTK,POLICYBZR,1440858600,140000,CE,1,350,350,5,1433289600,0,1440858600,,XX,,,POLICYBZR25AUG1400CE,P,38885,N,1440806400,1440858600,4.59E+08,25035,52735,1,0,0,0,2,1,2,0,2,0,3,0,0,1.40E+04,0,1433289600,0,0,0,0,0,0,0,0,1438794949,15,1,            ,0,0,0,0,,E,N,N,N,N,,,,,,,,,,,,,,,,,,,,,,,,,,,,,,,,,,,,,,,,,,,,,,,,,,,,,,,,,,,,,,,,,,,,,,,,,,,,,,,,,,,,,
36841,3405,OPTSTK,TATACHEM,1443709800,54000,CE,1,650,650,5,1438732800,0,1443709800,,XX,,,TATACHEM25SEP540CE,P,43855,N,1443657600,1443709800,2.55E+08,38325,49385,1,0,0,0,2,1,2,0,2,0,3,0,0,2.60E+04,0,1438732800,0,0,0,0,0,0,0,0,1438794951,15,1,            ,0,2,0,0,,E,N,N,N,N,,,,,,,,,,,,,,,,,,,,,,,,,,,,,,,,,,,,,,,,,,,,,,,,,,,,,,,,,,,,,,,,,,,,,,,,,,,,,,,,,,,,,
36849,3456,OPTSTK,TATAMOTORS,1440858600,34000,CE,1,800,800,5,1438732800,0,1440858600,,XX,,,TATAMOTORS25AUG340CE,P,31495,N,1440806400,1440858600,3.68E+09,27765,35225,1,0,0,0,2,1,2,0,2,0,3,0,0,3.20E+04,0,1438732800,0,0,0,0,0,0,0,0,1438794951,15,1,            ,0,2,0,0,,E,N,N,N,N,,,,,,,,,,,,,,,,,,,,,,,,,,,,,,,,,,,,,,,,,,,,,,,,,,,,,,,,,,,,,,,,,,,,,,,,,,,,,,,,,,,,,
36866,2885,OPTSTK,RELIANCE,1440858600,204000,CE,1,500,500,5,1433289600,0,1440858600,,XX,,,RELIANCE25AUG2040CE,P,5,N,1440806400,1440858600,1.35E+10,5,2005,1,0,0,0,2,1,2,0,2,0,3,0,0,1.50E+04,0,1433289600,0,0,0,0,0,0,0,0,1438793466,15,1,            ,0,0,2,0,,E,N,N,N,N,,,,,,,,,,,,,,,,,,,,,,,,,,,,,,,,,,,,,,,,,,,,,,,,,,,,,,,,,,,,,,,,,,,,,,,,,,,,,,,,,,,,,
36874,3426,OPTSTK,TATAPOWER,1440858600,21000,CE,1,1450,1450,5,1438732800,0,1440858600,,XX,,,TATAPOWER25AUG210CE,P,17795,N,1440806400,1440858600,3.20E+09,15635,19955,1,0,0,0,2,1,2,0,2,0,3,0,0,5.80E+04,0,1438732800,0,0,0,0,0,0,0,0,1438794951,15,1,            ,0,2,0,0,,E,N,N,N,N,,,,,,,,,,,,,,,,,,,,,,,,,,,,,,,,,,,,,,,,,,,,,,,,,,,,,,,,,,,,,,,,,,,,,,,,,,,,,,,,,,,,,
36892,3499,OPTSTK,TATASTEEL,1440858600,10750,CE,1,5500,5500,5,1438732800,0,1440858600,,XX,,,TATASTEEL25AUG107.5CE,P,5250,N,1440806400,1440858600,1.25E+10,3250,7250,1,0,0,0,2,1,2,0,2,0,3,0,0,1.65E+05,0,1438732800,0,0,0,0,0,0,0,0,1438794951,15,1,            ,0,2,0,0,,E,N,N,N,N,,,,,,,,,,,,,,,,,,,,,,,,,,,,,,,,,,,,,,,,,,,,,,,,,,,,,,,,,,,,,,,,,,,,,,,,,,,,,,,,,,,,,
36904,9552,OPTSTK,RVNL,1440858600,22000,CE,1,1375,1375,5,1433289600,0,1440858600,,XX,,,RVNL25AUG220CE,P,13390,N,1440806400,1440858600,2.09E+09,9960,16820,1,0,0,0,2,1,2,0,2,0,3,0,0,5.50E+04,0,1433289600,0,0,0,0,0,0,0,0,1438794950,15,1,            ,2,2,0,0,,E,N,N,N,N,,,,,,,,,,,,,,,,,,,,,,,,,,,,,,,,,,,,,,,,,,,,,,,,,,,,,,,,,,,,,,,,,,,,,,,,,,,,,,,,,,,,,
36912,20293,OPTSTK,TATATECH,1440858600,45000,CE,1,800,800,5,1438732800,0,1440858600,,XX,,,TATATECH25AUG450CE,P,24580,N,1440806400,1440858600,4.06E+08,21145,28015,1,0,0,0,2,1,2,0,2,0,3,0,0,3.20E+04,0,1438732800,0,0,0,0,0,0,0,0,1438794951,15,1,            ,0,2,0,0,,E,N,N,N,N,,,,,,,,,,,,,,,,,,,,,,,,,,,,,,,,,,,,,,,,,,,,,,,,,,,,,,,,,,,,,,,,,,,,,,,,,,,,,,,,,,,,,
36920,11536,OPTSTK,TCS,1440858600,156000,CE,1,175,175,5,1438732800,0,1440858600,,XX,,,TCS25AUG1560CE,P,152055,N,1440806400,1440858600,3.62E+09,140080,164030,1,0,0,0,2,1,2,0,2,0,3,0,0,7.00E+03,0,1438732800,0,0,0,0,0,0,0,0,1438794951,15,1,            ,0,2,0,0,,E,N,N,N,N,,,,,,,,,,,,,,,,,,,,,,,,,,,,,,,,,,,,,,,,,,,,,,,,,,,,,,,,,,,,,,,,,,,,,,,,,,,,,,,,,,,,,
36944,15414,OPTSTK,TITAGARH,1443709800,54000,CE,1,725,725,5,1438732800,0,1443709800,,XX,,,TITAGARH25SEP540CE,P,31845,N,1443657600,1443709800,1.35E+08,24165,39525,1,0,0,0,2,1,2,0,2,0,3,0,0,2.90E+04,0,1438732800,0,0,0,0,0,0,0,0,1438794952,15,1,            ,2,2,0,0,,E,N,N,N,N,,,,,,,,,,,,,,,,,,,,,,,,,,,,,,,,,,,,,,,,,,,,,,,,,,,,,,,,,,,,,,,,,,,,,,,,,,,,,,,,,,,,,
36950,3506,OPTSTK,TITAN,1440858600,225000,CE,1,175,175,5,1438732800,0,1440858600,,XX,,,TITAN25AUG2250CE,P,111515,N,1440806400,1440858600,8.88E+08,97140,125890,1,0,0,0,2,1,2,0,2,0,3,0,0,7.00E+03,0,1438732800,0,0,0,0,0,0,0,0,1438794952,15,1,            ,0,2,0,0,,E,N,N,N,N,,,,,,,,,,,,,,,,,,,,,,,,,,,,,,,,,,,,,,,,,,,,,,,,,,,,,,,,,,,,,,,,,,,,,,,,,,,,,,,,,,,,,
36970,13786,OPTSTK,TORNTPOWER,1440858600,68000,CE,1,375,375,5,1438732800,0,1440858600,,XX,,,TORNTPOWER25AUG680CE,P,63480,N,1440806400,1440858600,5.04E+08,54155,72805,1,0,0,0,2,1,2,0,2,0,3,0,0,1.50E+04,0,1438732800,0,0,0,0,0,0,0,0,1438794952,15,1,            ,0,2,0,0,,E,N,N,N,N,,,,,,,,,,,,,,,,,,,,,,,,,,,,,,,,,,,,,,,,,,,,,,,,,,,,,,,,,,,,,,,,,,,,,,,,,,,,,,,,,,,,,
36994,8479,OPTSTK,TVSMOTOR,1443709800,375000,CE,1,350,350,5,1438732800,0,1443709800,,XX,,,TVSMOTOR25SEP3750CE,P,580,N,1443657600,1443709800,4.75E+08,5,2580,1,0,0,0,2,1,2,0,2,0,3,0,0,1.05E+04,0,1438732800,0,0,0,0,0,0,0,0,1438794952,15,1,            ,0,2,0,0,,E,N,N,N,N,,,,,,,,,,,,,,,,,,,,,,,,,,,,,,,,,,,,,,,,,,,,,,,,,,,,,,,,,,,,,,,,,,,,,,,,,,,,,,,,,,,,,
37002,10753,OPTSTK,UNIONBANK,1440858600,8250,CE,1,4425,4425,5,1438732800,0,1440858600,,XX,,,UNIONBANK25AUG82.5CE,P,4690,N,1440806400,1440858600,7.63E+09,2690,6690,1,0,0,0,2,1,2,0,2,0,3,0,0,1.77E+05,0,1438732800,0,0,0,0,0,0,0,0,1438794952,15,1,            ,0,2,0,0,,E,N,N,N,N,,,,,,,,,,,,,,,,,,,,,,,,,,,,,,,,,,,,,,,,,,,,,,,,,,,,,,,,,,,,,,,,,,,,,,,,,,,,,,,,,,,,,
37015,10447,OPTSTK,UNITDSPR,1443709800,90000,CE,1,400,400,5,1438732800,0,1443709800,,XX,,,UNITDSPR25SEP900CE,P,44825,N,1443657600,1443709800,7.27E+08,38540,51110,1,0,0,0,2,1,2,0,2,0,3,0,0,1.60E+04,0,1438732800,0,0,0,0,0,0,0,0,1438794952,15,1,            ,0,2,0,0,,E,N,N,N,N,,,,,,,,,,,,,,,,,,,,,,,,,,,,,,,,,,,,,,,,,,,,,,,,,,,,,,,,,,,,,,,,,,,,,,,,,,,,,,,,,,,,,
37019,11287,OPTSTK,UPL,1443709800,36000,CE,1,1355,1355,5,1438732800,0,1443709800,,XX,,,UPL25SEP360CE,P,35515,N,1443657600,1443709800,7.51E+08,31555,39475,1,0,0,0,2,1,2,0,2,0,3,0,0,4.07E+04,0,1438732800,0,0,0,0,0,0,0,0,1438794952,15,1,            ,0,2,0,0,,E,N,N,N,N,,,,,,,,,,,,,,,,,,,,,,,,,,,,,,,,,,,,,,,,,,,,,,,,,,,,,,,,,,,,,,,,,,,,,,,,,,,,,,,,,,,,,
37051,3063,OPTSTK,VEDL,1440858600,27000,CE,1,1150,1150,5,1438732800,0,1440858600,,XX,,,VEDL25AUG270CE,P,16255,N,1440806400,1440858600,3.91E+09,13540,18970,1,0,0,0,2,1,2,0,2,0,3,0,0,4.60E+04,0,1438732800,0,0,0,0,0,0,0,0,1438794952,15,1,            ,0,2,0,0,,E,N,N,N,N,,,,,,,,,,,,,,,,,,,,,,,,,,,,,,,,,,,,,,,,,,,,,,,,,,,,,,,,,,,,,,,,,,,,,,,,,,,,,,,,,,,,,
37055,3718,OPTSTK,VOLTAS,1446129000,80000,CE,1,375,375,5,1438732800,0,1446129000,,XX,,,VOLTAS25OCT800CE,P,55325,N,1446076800,1446129000,3.31E+08,47040,63610,1,0,0,0,2,1,2,0,2,0,3,0,0,1.88E+04,0,1438732800,0,0,0,0,0,0,0,0,1438794953,15,1,            ,0,2,0,0,,E,N,N,N,N,,,,,,,,,,,,,,,,,,,,,,,,,,,,,,,,,,,,,,,,,,,,,,,,,,,,,,,,,,,,,,,,,,,,,,,,,,,,,,,,,,,,,
37075,7929,OPTSTK,ZYDUSLIFE,1440858600,52000,CE,1,900,900,5,1438732800,0,1440858600,,XX,,,ZYDUSLIFE25AUG520CE,P,44090,N,1440806400,1440858600,1.01E+09,39545,48635,1,0,0,0,2,1,2,0,2,0,3,0,0,2.70E+04,0,1438732800,0,0,0,0,0,0,0,0,1438794953,15,1,            ,0,2,0,0,,E,N,N,N,N,,,,,,,,,,,,,,,,,,,,,,,,,,,,,,,,,,,,,,,,,,,,,,,,,,,,,,,,,,,,,,,,,,,,,,,,,,,,,,,,,,,,,
37128,676,OPTSTK,EXIDEIND,1440858600,50500,CE,1,1800,1800,5,1438819200,0,1440858600,,XX,,,EXIDEIND25AUG505CE,P,5,N,1440806400,1440858600,8.50E+08,5,2005,1,0,0,0,2,1,2,0,2,0,3,0,0,7.20E+04,0,1438819200,0,0,0,0,0,0,0,0,1438794943,15,1,            ,0,2,0,0,,E,N,N,N,N,,,,,,,,,,,,,,,,,,,,,,,,,,,,,,,,,,,,,,,,,,,,,,,,,,,,,,,,,,,,,,,,,,,,,,,,,,,,,,,,,,,,,
37288,17971,OPTSTK,SBICARD,1440858600,48000,CE,1,800,800,5,1435795200,0,1440858600,,XX,,,SBICARD25AUG480CE,P,32640,N,1440806400,1440858600,9.51E+08,28705,36575,1,0,0,0,2,1,2,0,2,0,3,0,0,2.40E+04,0,1435795200,0,0,0,0,0,0,0,0,1438794950,15,1,            ,0,2,0,0,,E,N,N,N,N,,,,,,,,,,,,,,,,,,,,,,,,,,,,,,,,,,,,,,,,,,,,,,,,,,,,,,,,,,,,,,,,,,,,,,,,,,,,,,,,,,,,,
37294,20825,OPTSTK,HUDCO,1440858600,29500,CE,1,2775,2775,5,1438819200,0,1440858600,,XX,,,HUDCO25AUG295CE,P,35,N,1440806400,1440858600,2.00E+09,5,2035,1,0,0,0,2,1,2,0,2,0,3,0,0,1.11E+05,0,1438819200,0,0,0,0,0,0,0,0,1438794944,15,1,            ,0,2,0,0,,E,N,N,N,N,,,,,,,,,,,,,,,,,,,,,,,,,,,,,,,,,,,,,,,,,,,,,,,,,,,,,,,,,,,,,,,,,,,,,,,,,,,,,,,,,,,,,
37315,15380,OPTSTK,MANKIND,1440858600,150000,CE,1,225,225,5,1433376000,0,1440858600,,XX,,,MANKIND25AUG1500CE,P,113480,N,1440806400,1440858600,4.13E+08,98215,128745,1,0,0,0,2,1,2,0,2,0,3,0,0,9.00E+03,0,1433376000,0,0,0,0,0,0,0,0,1438794947,15,1,            ,0,0,0,0,,E,N,N,N,N,,,,,,,,,,,,,,,,,,,,,,,,,,,,,,,,,,,,,,,,,,,,,,,,,,,,,,,,,,,,,,,,,,,,,,,,,,,,,,,,,,,,,
37362,4204,OPTSTK,MOTHERSON,1440858600,7000,CE,1,6150,6150,5,1433376000,0,1440858600,,XX,,,MOTHERSON25AUG70CE,P,2860,N,1440806400,1440858600,7.04E+09,860,4860,1,0,0,0,2,1,2,0,2,0,3,0,0,2.46E+05,0,1433376000,0,0,0,0,0,0,0,0,1438794948,15,1,            ,0,0,2,0,,E,N,N,N,N,,,,,,,,,,,,,,,,,,,,,,,,,,,,,,,,,,,,,,,,,,,,,,,,,,,,,,,,,,,,,,,,,,,,,,,,,,,,,,,,,,,,,
37625,6066,OPTSTK,ATGL,1440858600,36000,CE,1,875,875,5,1435881600,0,1440858600,,XX,,,ATGL25AUG360CE,P,24755,N,1440806400,1440858600,1.10E+09,19510,30000,1,0,0,0,2,1,2,0,2,0,3,0,0,3.50E+04,0,1435881600,0,0,0,0,0,0,0,0,1438794939,15,1,            ,0,2,0,0,,E,N,N,N,N,,,,,,,,,,,,,,,,,,,,,,,,,,,,,,,,,,,,,,,,,,,,,,,,,,,,,,,,,,,,,,,,,,,,,,,,,,,,,,,,,,,,,
37665,22377,OPTSTK,MAXHEALTH,1440858600,162000,CE,1,525,525,5,1438819200,0,1440858600,,XX,,,MAXHEALTH25AUG1620CE,P,60,N,1440806400,1440858600,9.72E+08,5,2060,1,0,0,0,2,1,2,0,2,0,3,0,0,2.10E+04,0,1438819200,0,0,0,0,0,0,0,0,1438794947,15,1,            ,0,2,0,0,,E,N,N,N,N,,,,,,,,,,,,,,,,,,,,,,,,,,,,,,,,,,,,,,,,,,,,,,,,,,,,,,,,,,,,,,,,,,,,,,,,,,,,,,,,,,,,,
37671,509,OPTSTK,MAZDOCK,1440858600,370000,CE,1,175,175,5,1438819200,0,1440858600,,XX,,,MAZDOCK25AUG3700CE,P,925,N,1440806400,1440858600,4.03E+08,5,2925,1,0,0,0,2,1,2,0,2,0,3,0,0,7.00E+03,0,1438819200,0,0,0,0,0,0,0,0,1438794947,15,1,            ,0,2,0,0,,E,N,N,N,N,,,,,,,,,,,,,,,,,,,,,,,,,,,,,,,,,,,,,,,,,,,,,,,,,,,,,,,,,,,,,,,,,,,,,,,,,,,,,,,,,,,,,
37721,4503,OPTSTK,MPHASIS,1440858600,150000,CE,1,275,275,5,1438819200,0,1440858600,,XX,,,MPHASIS25AUG1500CE,P,125320,N,1440806400,1440858600,1.90E+08,108695,141945,1,0,0,0,2,1,2,0,2,0,3,0,0,8.25E+03,0,1438819200,0,0,0,0,0,0,0,0,1438794948,15,1,            ,0,2,0,0,,E,N,N,N,N,,,,,,,,,,,,,,,,,,,,,,,,,,,,,,,,,,,,,,,,,,,,,,,,,,,,,,,,,,,,,,,,,,,,,,,,,,,,,,,,,,,,,
37813,10738,OPTSTK,OFSS,1440858600,1150000,CE,1,75,75,5,1438819200,0,1440858600,,XX,,,OFSS25AUG11500CE,P,130,N,1440806400,1440858600,8.69E+07,5,2130,1,0,0,0,2,1,2,0,2,0,3,0,0,3.00E+03,0,1438819200,0,0,0,0,0,0,0,0,1438794948,15,1,            ,0,2,0,0,,E,N,N,N,N,,,,,,,,,,,,,,,,,,,,,,,,,,,,,,,,,,,,,,,,,,,,,,,,,,,,,,,,,,,,,,,,,,,,,,,,,,,,,,,,,,,,,
37831,2475,OPTSTK,ONGC,1440858600,11000,CE,1,2250,2250,5,1438819200,0,1440858600,,XX,,,ONGC25AUG110CE,P,12530,N,1440806400,1440858600,1.26E+10,10530,14530,1,0,0,0,2,1,2,0,2,0,3,0,0,9.00E+04,0,1438819200,0,0,0,0,0,0,0,0,1438794949,15,1,            ,0,2,0,0,,E,N,N,N,N,,,,,,,,,,,,,,,,,,,,,,,,,,,,,,,,,,,,,,,,,,,,,,,,,,,,,,,,,,,,,,,,,,,,,,,,,,,,,,,,,,,,,
37851,14299,OPTSTK,PFC,1440858600,53000,CE,1,1300,1300,5,1438819200,0,1440858600,,XX,,,PFC25AUG530CE,P,55,N,1440806400,1440858600,3.30E+09,5,2055,1,0,0,0,2,1,2,0,2,0,3,0,0,5.20E+04,0,1438819200,0,0,0,0,0,0,0,0,1438794949,15,1,            ,0,2,0,0,,E,N,N,N,N,,,,,,,,,,,,,,,,,,,,,,,,,,,,,,,,,,,,,,,,,,,,,,,,,,,,,,,,,,,,,,,,,,,,,,,,,,,,,,,,,,,,,
37863,19913,OPTSTK,DMART,1443709800,570000,CE,1,150,150,5,1435881600,0,1443709800,,XX,,,DMART25SEP5700CE,P,345,N,1443657600,1443709800,6.51E+08,5,2345,1,0,0,0,2,1,2,0,2,0,3,0,0,6.00E+03,0,1435881600,0,0,0,0,0,0,0,0,1438794943,15,1,            ,2,0,0,0,,E,N,N,N,N,,,,,,,,,,,,,,,,,,,,,,,,,,,,,,,,,,,,,,,,,,,,,,,,,,,,,,,,,,,,,,,,,,,,,,,,,,,,,,,,,,,,,
37961,11403,OPTSTK,POONAWALLA,1440858600,55000,CE,1,1700,1700,5,1438819200,0,1440858600,,XX,,,POONAWALLA25AUG550CE,P,35,N,1440806400,1440858600,7.78E+08,5,2035,1,0,0,0,2,1,2,0,2,0,3,0,0,5.10E+04,0,1438819200,0,0,0,0,0,0,0,0,1438794950,15,1,            ,2,0,0,0,,E,N,N,N,N,,,,,,,,,,,,,,,,,,,,,,,,,,,,,,,,,,,,,,,,,,,,,,,,,,,,,,,,,,,,,,,,,,,,,,,,,,,,,,,,,,,,,
38181,13538,OPTSTK,TECHM,1440858600,194000,CE,1,600,600,5,1438819200,0,1440858600,,XX,,,TECHM25AUG1940CE,P,5,N,1440806400,1440858600,9.79E+08,5,2005,1,0,0,0,2,1,2,0,2,0,3,0,0,1.80E+04,0,1438819200,0,0,0,0,0,0,0,0,1438794952,15,1,            ,0,2,0,0,,E,N,N,N,N,,,,,,,,,,,,,,,,,,,,,,,,,,,,,,,,,,,,,,,,,,,,,,,,,,,,,,,,,,,,,,,,,,,,,,,,,,,,,,,,,,,,,
38201,312,OPTSTK,TIINDIA,1440858600,375000,CE,1,200,200,5,1438819200,0,1440858600,,XX,,,TIINDIA25AUG3750CE,P,180,N,1440806400,1440858600,1.93E+08,5,2180,1,0,0,0,2,1,2,0,2,0,3,0,0,8.00E+03,0,1438819200,0,0,0,0,0,0,0,0,1438794952,15,1,            ,0,2,0,0,,E,N,N,N,N,,,,,,,,,,,,,,,,,,,,,,,,,,,,,,,,,,,,,,,,,,,,,,,,,,,,,,,,,,,,,,,,,,,,,,,,,,,,,,,,,,,,,
38503,17400,OPTSTK,NHPC,1440858600,6200,CE,1,6400,6400,5,1433462400,0,1440858600,,XX,,,NHPC25AUG62CE,P,2175,N,1440806400,1440858600,1.00E+10,175,4175,1,0,0,0,2,1,2,0,2,0,3,0,0,2.56E+05,0,1433462400,0,0,0,0,0,0,0,0,1438794948,15,1,            ,0,2,0,0,,E,N,N,N,N,,,,,,,,,,,,,,,,,,,,,,,,,,,,,,,,,,,,,,,,,,,,,,,,,,,,,,,,,,,,,,,,,,,,,,,,,,,,,,,,,,,,,
39002,13359,OPTSTK,KFINTECH,1440858600,85000,CE,1,450,450,5,1435968000,0,1440858600,,XX,,,KFINTECH25AUG850CE,P,27910,N,1440806400,1440858600,1.72E+08,17600,38220,1,0,0,0,2,1,2,0,2,0,3,0,0,1.80E+04,0,1435968000,0,0,0,0,0,0,0,0,1438794946,15,1,            ,0,2,0,0,,E,N,N,N,N,,,,,,,,,,,,,,,,,,,,,,,,,,,,,,,,,,,,,,,,,,,,,,,,,,,,,,,,,,,,,,,,,,,,,,,,,,,,,,,,,,,,,
46898,10217,OPTSTK,ADANIENSOL,1440858600,62000,CE,1,675,675,5,1437523200,0,1440858600,,XX,,,ADANIENSOL25AUG620CE,P,18410,N,1440806400,1440858600,1.20E+09,11170,25650,1,0,0,0,2,1,2,0,2,0,3,0,0,2.70E+04,0,1437523200,0,0,0,0,0,0,0,0,1438794938,15,1,            ,2,0,0,0,,E,N,N,N,N,,,,,,,,,,,,,,,,,,,,,,,,,,,,,,,,,,,,,,,,,,,,,,,,,,,,,,,,,,,,,,,,,,,,,,,,,,,,,,,,,,,,,
48576,23446,FUTSTK,171NSETEST,1795876200,-1,XX,0,50,50,5,1396742400,0,1795876200,,XX,,,171NSETEST36NOVFUT,C,20000,N,0,0,1.00E+08,18000,22000,1,0,0,0,2,1,2,0,2,0,3,0,0,1.00E+05,0,1396742400,0,0,0,0,0,0,0,0,1438793468,15,1,            ,0,0,0,0,,E,N,N,N,N,,,,,,,,,,,,,,,,,,,,,,,,,,,,,,,,,,,,,,,,,,,,,,,,,,,,,,,,,,,,,,,,,,,,,,,,,,,,,,,,,,,,,
48577,23447,FUTSTK,181NSETEST,1795876200,-1,XX,0,50,50,5,1396742400,0,1795876200,,XX,,,181NSETEST36NOVFUT,C,20000,N,0,0,1.00E+08,18000,22000,1,0,0,0,2,1,2,0,2,0,3,0,0,1.00E+05,0,1396742400,0,0,0,0,0,0,0,0,1438793468,15,1,            ,0,0,0,0,,E,N,N,N,N,,,,,,,,,,,,,,,,,,,,,,,,,,,,,,,,,,,,,,,,,,,,,,,,,,,,,,,,,,,,,,,,,,,,,,,,,,,,,,,,,,,,,
51683,7852,OPTSTK,INOXWIND,1440858600,7000,CE,1,3272,3272,5,1438300800,0,1440858600,,XX,,,INOXWIND25AUG70CE,P,8360,N,1440806400,1440858600,1.39E+09,6360,10360,1,0,0,0,2,1,2,0,2,0,3,0,0,1.31E+05,0,1438300800,0,0,0,0,0,0,0,0,1438794945,15,1,            ,0,0,1,0,,E,N,N,N,N,,,,,,,,,,,,,,,,,,,,,,,,,,,,,,,,,,,,,,,,,,,,,,,,,,,,,,,,,,,,,,,,,,,,,,,,,,,,,,,,,,,,,
52241,317,FUTSTK,BAJFINANCE,1446129000,-1,XX,0,750,750,5,1438473600,0,1446129000,,XX,,,BAJFINANCE25OCTFUT,P,89905,N,0,0,6.21E+09,80915,98895,1,0,0,0,2,1,2,0,2,0,3,0,0,1.50E+04,0,1438473600,0,0,0,0,0,0,0,0,1438793468,15,1,            ,0,0,0,0,,E,N,N,N,N,,,,,,,,,,,,,,,,,,,,,,,,,,,,,,,,,,,,,,,,,,,,,,,,,,,,,,,,,,,,,,,,,,,,,,,,,,,,,,,,,,,,,
52379,14366,FUTSTK,IDEA,1446129000,-1,XX,0,71475,71475,1,1438473600,0,1446129000,,XX,,,IDEA25OCTFUT,P,695,N,0,0,1.08E+11,626,765,1,0,0,0,2,1,2,0,2,0,3,0,0,2.14E+06,0,1438473600,0,0,0,0,0,0,0,0,1438793468,15,1,            ,2,0,0,0,,E,N,N,N,N,,,,,,,,,,,,,,,,,,,,,,,,,,,,,,,,,,,,,,,,,,,,,,,,,,,,,,,,,,,,,,,,,,,,,,,,,,,,,,,,,,,,,
52569,11915,FUTSTK,YESBANK,1446129000,-1,XX,0,31100,31100,1,1438473600,0,1446129000,,XX,,,YESBANK25OCTFUT,P,1918,N,0,0,3.14E+10,1726,2110,1,0,0,0,2,1,2,0,2,0,3,0,0,9.33E+05,0,1438473600,0,0,0,0,0,0,0,0,1438793468,15,1,            ,2,2,0,0,,E,N,N,N,N,,,,,,,,,,,,,,,,,,,,,,,,,,,,,,,,,,,,,,,,,,,,,,,,,,,,,,,,,,,,,,,,,,,,,,,,,,,,,,,,,,,,,
